Id;MSSubClass;MSZoning;LotFrontage;LotArea;Street;Alley;LotShape;LandContour;Utilities;LotConfig;LandSlope;Neighborhood;SalePrice
1;60;RL;65;8450;Pave;NA;Reg;Lvl;AllPub;Inside;Gtl;CollgCr;208500
2;20;RL;80;9600;Pave;NA;Reg;Lvl;AllPub;FR2;Gtl;Veenker;181500
3;60;RL;68;11250;Pave;NA;IR1;Lvl;AllPub;Inside;Gtl;CollgCr;223500
4;70;RL;60;9550;Pave;NA;IR1;Lvl;AllPub;Corner;Gtl;Crawfor;140000
5;60;RL;84;14260;Pave;NA;IR1;Lvl;AllPub;FR2;Gtl;NoRidge;250000
6;50;RL;85;14115;Pave;NA;IR1;Lvl;AllPub;Inside;Gtl;Mitchel;143000
7;20;RL;75;10084;Pave;NA;Reg;Lvl;AllPub;Inside;Gtl;Somerst;307000
8;60;RL;NA;10382;Pave;NA;IR1;Lvl;AllPub;Corner;Gtl;NWAmes;200000
9;50;RM;51;6120;Pave;NA;Reg;Lvl;AllPub;Inside;Gtl;OldTown;129900
10;190;RL;50;7420;Pave;NA;Reg;Lvl;AllPub;Corner;Gtl;BrkSide;118000
11;20;RL;70;11200;Pave;NA;Reg;Lvl;AllPub;Inside;Gtl;Sawyer;129500
12;60;RL;85;11924;Pave;NA;IR1;Lvl;AllPub;Inside;Gtl;NridgHt;345000
13;20;RL;NA;12968;Pave;NA;IR2;Lvl;AllPub;Inside;Gtl;Sawyer;144000
14;20;RL;91;10652;Pave;NA;IR1;Lvl;AllPub;Inside;Gtl;CollgCr;279500
15;20;RL;NA;10920;Pave;NA;IR1;Lvl;AllPub;Corner;Gtl;NAmes;157000
16;45;RM;51;6120;Pave;NA;Reg;Lvl;AllPub;Corner;Gtl;BrkSide;132000
17;20;RL;NA;11241;Pave;NA;IR1;Lvl;AllPub;CulDSac;Gtl;NAmes;149000
18;90;RL;72;10791;Pave;NA;Reg;Lvl;AllPub;Inside;Gtl;Sawyer;90000
19;20;RL;66;13695;Pave;NA;Reg;Lvl;AllPub;Inside;Gtl;SawyerW;159000
20;20;RL;70;7560;Pave;NA;Reg;Lvl;AllPub;Inside;Gtl;NAmes;139000
21;60;RL;101;14215;Pave;NA;IR1;Lvl;AllPub;Corner;Gtl;NridgHt;325300
22;45;RM;57;7449;Pave;Grvl;Reg;Bnk;AllPub;Inside;Gtl;IDOTRR;139400
23;20;RL;75;9742;Pave;NA;Reg;Lvl;AllPub;Inside;Gtl;CollgCr;230000
24;120;RM;44;4224;Pave;NA;Reg;Lvl;AllPub;Inside;Gtl;MeadowV;129900
25;20;RL;NA;8246;Pave;NA;IR1;Lvl;AllPub;Inside;Gtl;Sawyer;154000
26;20;RL;110;14230;Pave;NA;Reg;Lvl;AllPub;Corner;Gtl;NridgHt;256300
27;20;RL;60;7200;Pave;NA;Reg;Lvl;AllPub;Corner;Gtl;NAmes;134800
28;20;RL;98;11478;Pave;NA;Reg;Lvl;AllPub;Inside;Gtl;NridgHt;306000
29;20;RL;47;16321;Pave;NA;IR1;Lvl;AllPub;CulDSac;Gtl;NAmes;207500
30;30;RM;60;6324;Pave;NA;IR1;Lvl;AllPub;Inside;Gtl;BrkSide;68500
31;70;C (all);50;8500;Pave;Pave;Reg;Lvl;AllPub;Inside;Gtl;IDOTRR;40000
32;20;RL;NA;8544;Pave;NA;IR1;Lvl;AllPub;CulDSac;Gtl;Sawyer;149350
33;20;RL;85;11049;Pave;NA;Reg;Lvl;AllPub;Corner;Gtl;CollgCr;179900
34;20;RL;70;10552;Pave;NA;IR1;Lvl;AllPub;Inside;Gtl;NAmes;165500
35;120;RL;60;7313;Pave;NA;Reg;Lvl;AllPub;Inside;Gtl;NridgHt;277500
36;60;RL;108;13418;Pave;NA;Reg;Lvl;AllPub;Inside;Gtl;NridgHt;309000
37;20;RL;112;10859;Pave;NA;Reg;Lvl;AllPub;Corner;Gtl;CollgCr;145000
38;20;RL;74;8532;Pave;NA;Reg;Lvl;AllPub;Inside;Gtl;NAmes;153000
39;20;RL;68;7922;Pave;NA;Reg;Lvl;AllPub;Inside;Gtl;NAmes;109000
40;90;RL;65;6040;Pave;NA;Reg;Lvl;AllPub;Inside;Gtl;Edwards;82000
41;20;RL;84;8658;Pave;NA;Reg;Lvl;AllPub;Inside;Gtl;NAmes;160000
42;20;RL;115;16905;Pave;NA;Reg;Lvl;AllPub;Inside;Gtl;Timber;170000
43;85;RL;NA;9180;Pave;NA;IR1;Lvl;AllPub;CulDSac;Gtl;SawyerW;144000
44;20;RL;NA;9200;Pave;NA;IR1;Lvl;AllPub;CulDSac;Gtl;CollgCr;130250
45;20;RL;70;7945;Pave;NA;Reg;Lvl;AllPub;Inside;Gtl;NAmes;141000
46;120;RL;61;7658;Pave;NA;Reg;Lvl;AllPub;Inside;Gtl;NridgHt;319900
47;50;RL;48;12822;Pave;NA;IR1;Lvl;AllPub;CulDSac;Gtl;Mitchel;239686
48;20;FV;84;11096;Pave;NA;Reg;Lvl;AllPub;Inside;Gtl;Somerst;249700
49;190;RM;33;4456;Pave;NA;Reg;Lvl;AllPub;Inside;Gtl;OldTown;113000
50;20;RL;66;7742;Pave;NA;Reg;Lvl;AllPub;Inside;Gtl;Sawyer;127000
51;60;RL;NA;13869;Pave;NA;IR2;Lvl;AllPub;Corner;Gtl;Gilbert;177000
52;50;RM;52;6240;Pave;NA;Reg;Lvl;AllPub;Inside;Gtl;BrkSide;114500
53;90;RM;110;8472;Grvl;NA;IR2;Bnk;AllPub;Corner;Mod;IDOTRR;110000
54;20;RL;68;50271;Pave;NA;IR1;Low;AllPub;Inside;Gtl;Veenker;385000
55;80;RL;60;7134;Pave;NA;Reg;Bnk;AllPub;Inside;Mod;NAmes;130000
56;20;RL;100;10175;Pave;NA;IR1;Lvl;AllPub;Inside;Gtl;NAmes;180500
57;160;FV;24;2645;Pave;Pave;Reg;Lvl;AllPub;Inside;Gtl;Somerst;172500
58;60;RL;89;11645;Pave;NA;IR1;Lvl;AllPub;Corner;Gtl;CollgCr;196500
59;60;RL;66;13682;Pave;NA;IR2;HLS;AllPub;CulDSac;Gtl;StoneBr;438780
60;20;RL;60;7200;Pave;NA;Reg;Bnk;AllPub;Inside;Gtl;CollgCr;124900
61;20;RL;63;13072;Pave;NA;Reg;Lvl;AllPub;Inside;Gtl;SawyerW;158000
62;75;RM;60;7200;Pave;NA;Reg;Lvl;AllPub;Inside;Gtl;IDOTRR;101000
63;120;RL;44;6442;Pave;NA;IR1;Lvl;AllPub;Inside;Gtl;NridgHt;202500
64;70;RM;50;10300;Pave;NA;IR1;Bnk;AllPub;Inside;Gtl;OldTown;140000
65;60;RL;NA;9375;Pave;NA;Reg;Lvl;AllPub;Inside;Gtl;CollgCr;219500
66;60;RL;76;9591;Pave;NA;Reg;Lvl;AllPub;Inside;Gtl;NridgHt;317000
67;20;RL;NA;19900;Pave;NA;Reg;Lvl;AllPub;Inside;Gtl;NAmes;180000
68;20;RL;72;10665;Pave;NA;IR1;Lvl;AllPub;Inside;Gtl;CollgCr;226000
69;30;RM;47;4608;Pave;NA;Reg;Lvl;AllPub;Corner;Gtl;OldTown;80000
70;50;RL;81;15593;Pave;NA;Reg;Lvl;AllPub;Corner;Gtl;ClearCr;225000
71;20;RL;95;13651;Pave;NA;IR1;Lvl;AllPub;Inside;Gtl;NAmes;244000
72;20;RL;69;7599;Pave;NA;Reg;Lvl;AllPub;Corner;Gtl;Mitchel;129500
73;60;RL;74;10141;Pave;NA;IR1;Lvl;AllPub;Corner;Gtl;Gilbert;185000
74;20;RL;85;10200;Pave;NA;Reg;Lvl;AllPub;Inside;Gtl;NAmes;144900
75;50;RM;60;5790;Pave;NA;Reg;Lvl;AllPub;Corner;Gtl;OldTown;107400
76;180;RM;21;1596;Pave;NA;Reg;Lvl;AllPub;Inside;Gtl;MeadowV;91000
77;20;RL;NA;8475;Pave;NA;IR1;Lvl;AllPub;Inside;Gtl;NAmes;135750
78;50;RM;50;8635;Pave;NA;Reg;Lvl;AllPub;Inside;Gtl;BrkSide;127000
79;90;RL;72;10778;Pave;NA;Reg;Lvl;AllPub;Inside;Gtl;Sawyer;136500
80;50;RM;60;10440;Pave;Grvl;Reg;Lvl;AllPub;Corner;Gtl;OldTown;110000
81;60;RL;100;13000;Pave;NA;Reg;Lvl;AllPub;Corner;Gtl;NAmes;193500
82;120;RM;32;4500;Pave;NA;Reg;Lvl;AllPub;FR2;Gtl;Mitchel;153500
83;20;RL;78;10206;Pave;NA;Reg;Lvl;AllPub;Inside;Gtl;Somerst;245000
84;20;RL;80;8892;Pave;NA;IR1;Lvl;AllPub;Inside;Gtl;NAmes;126500
85;80;RL;NA;8530;Pave;NA;IR1;Lvl;AllPub;Inside;Gtl;Gilbert;168500
86;60;RL;121;16059;Pave;NA;Reg;Lvl;AllPub;Corner;Gtl;NoRidge;260000
87;60;RL;122;11911;Pave;NA;IR2;Lvl;AllPub;Inside;Gtl;Gilbert;174000
88;160;FV;40;3951;Pave;Pave;Reg;Lvl;AllPub;Corner;Gtl;Somerst;164500
89;50;C (all);105;8470;Pave;NA;IR1;Lvl;AllPub;Corner;Gtl;IDOTRR;85000
90;20;RL;60;8070;Pave;NA;Reg;Lvl;AllPub;Inside;Gtl;CollgCr;123600
91;20;RL;60;7200;Pave;NA;Reg;Lvl;AllPub;Inside;Gtl;NAmes;109900
92;20;RL;85;8500;Pave;NA;Reg;Lvl;AllPub;Inside;Gtl;NAmes;98600
93;30;RL;80;13360;Pave;Grvl;IR1;HLS;AllPub;Inside;Gtl;Crawfor;163500
94;190;C (all);60;7200;Pave;NA;Reg;Lvl;AllPub;Corner;Gtl;OldTown;133900
95;60;RL;69;9337;Pave;NA;IR1;Lvl;AllPub;Inside;Gtl;CollgCr;204750
96;60;RL;NA;9765;Pave;NA;IR2;Lvl;AllPub;Corner;Gtl;Gilbert;185000
97;20;RL;78;10264;Pave;NA;IR1;Lvl;AllPub;Inside;Gtl;CollgCr;214000
98;20;RL;73;10921;Pave;NA;Reg;HLS;AllPub;Inside;Gtl;Edwards;94750
99;30;RL;85;10625;Pave;NA;Reg;Lvl;AllPub;Corner;Gtl;Edwards;83000
100;20;RL;77;9320;Pave;NA;IR1;Lvl;AllPub;Inside;Gtl;NAmes;128950
101;20;RL;NA;10603;Pave;NA;IR1;Lvl;AllPub;Inside;Gtl;NWAmes;205000
102;60;RL;77;9206;Pave;NA;Reg;Lvl;AllPub;Inside;Gtl;SawyerW;178000
103;90;RL;64;7018;Pave;NA;Reg;Bnk;AllPub;Inside;Gtl;SawyerW;118964
104;20;RL;94;10402;Pave;NA;IR1;Lvl;AllPub;Corner;Gtl;CollgCr;198900
105;50;RM;NA;7758;Pave;NA;Reg;Lvl;AllPub;Corner;Gtl;IDOTRR;169500
106;60;FV;75;9375;Pave;NA;Reg;Lvl;AllPub;Inside;Gtl;Somerst;250000
107;30;RM;60;10800;Pave;Grvl;Reg;Lvl;AllPub;Inside;Gtl;OldTown;100000
108;20;RM;50;6000;Pave;NA;Reg;Lvl;AllPub;Inside;Gtl;OldTown;115000
109;50;RM;85;8500;Pave;NA;Reg;Lvl;AllPub;Corner;Gtl;IDOTRR;115000
110;20;RL;105;11751;Pave;NA;IR1;Lvl;AllPub;Inside;Gtl;NWAmes;190000
111;50;RL;75;9525;Pave;NA;Reg;Lvl;AllPub;Inside;Gtl;Edwards;136900
112;80;RL;NA;7750;Pave;NA;IR1;Lvl;AllPub;Inside;Gtl;Gilbert;180000
113;60;RL;77;9965;Pave;NA;Reg;Lvl;AllPub;Inside;Gtl;CollgCr;383970
114;20;RL;NA;21000;Pave;NA;Reg;Bnk;AllPub;Corner;Gtl;Crawfor;217000
115;70;RL;61;7259;Pave;NA;IR1;Lvl;AllPub;Inside;Mod;Crawfor;259500
116;160;FV;34;3230;Pave;Pave;Reg;Lvl;AllPub;Corner;Gtl;Somerst;176000
117;20;RL;NA;11616;Pave;NA;Reg;Lvl;AllPub;Inside;Gtl;Sawyer;139000
118;20;RL;74;8536;Pave;NA;Reg;Lvl;AllPub;Corner;Gtl;Edwards;155000
119;60;RL;90;12376;Pave;NA;Reg;Lvl;AllPub;Corner;Gtl;SawyerW;320000
120;60;RL;65;8461;Pave;NA;Reg;Lvl;AllPub;Inside;Gtl;CollgCr;163990
121;80;RL;NA;21453;Pave;NA;IR1;Low;AllPub;CulDSac;Sev;ClearCr;180000
122;50;RM;50;6060;Pave;NA;Reg;Lvl;AllPub;Inside;Gtl;IDOTRR;100000
123;20;RL;75;9464;Pave;NA;Reg;Lvl;AllPub;Corner;Gtl;NAmes;136000
124;120;RL;55;7892;Pave;NA;Reg;Lvl;AllPub;Inside;Gtl;SawyerW;153900
125;20;RL;48;17043;Pave;NA;IR1;Lvl;AllPub;CulDSac;Gtl;NWAmes;181000
126;190;RM;60;6780;Pave;NA;Reg;Lvl;AllPub;Inside;Gtl;IDOTRR;84500
127;120;RL;NA;4928;Pave;NA;IR1;Lvl;AllPub;Inside;Gtl;NPkVill;128000
128;45;RM;55;4388;Pave;NA;IR1;Bnk;AllPub;Inside;Gtl;OldTown;87000
129;60;RL;69;7590;Pave;NA;Reg;Lvl;AllPub;Inside;Gtl;NAmes;155000
130;20;RL;69;8973;Pave;NA;Reg;Lvl;AllPub;Inside;Gtl;NAmes;150000
131;60;RL;88;14200;Pave;NA;Reg;Lvl;AllPub;Corner;Gtl;NAmes;226000
132;60;RL;NA;12224;Pave;NA;IR1;Lvl;AllPub;Corner;Gtl;Gilbert;244000
133;20;RL;75;7388;Pave;NA;Reg;Lvl;AllPub;Corner;Gtl;NAmes;150750
134;20;RL;NA;6853;Pave;NA;IR1;Lvl;AllPub;Inside;Gtl;Timber;220000
135;20;RL;78;10335;Pave;NA;IR1;Lvl;AllPub;Inside;Gtl;Sawyer;180000
136;20;RL;80;10400;Pave;NA;Reg;Lvl;AllPub;Inside;Gtl;NWAmes;174000
137;20;RL;NA;10355;Pave;NA;IR1;Lvl;AllPub;Corner;Gtl;NAmes;143000
138;90;RL;82;11070;Pave;NA;Reg;Lvl;AllPub;Inside;Gtl;Mitchel;171000
139;60;RL;73;9066;Pave;NA;IR1;Lvl;AllPub;Inside;Gtl;CollgCr;230000
140;60;RL;65;15426;Pave;NA;IR1;Lvl;AllPub;Inside;Gtl;CollgCr;231500
141;20;RL;70;10500;Pave;NA;Reg;Lvl;AllPub;FR2;Gtl;NAmes;115000
142;20;RL;78;11645;Pave;NA;Reg;Lvl;AllPub;Inside;Gtl;CollgCr;260000
143;50;RL;71;8520;Pave;NA;Reg;Lvl;AllPub;Corner;Gtl;NAmes;166000
144;20;RL;78;10335;Pave;NA;IR1;Lvl;AllPub;Inside;Gtl;CollgCr;204000
145;90;RM;70;9100;Pave;NA;Reg;Lvl;AllPub;Inside;Gtl;Sawyer;125000
146;160;RM;24;2522;Pave;NA;Reg;Lvl;AllPub;Inside;Gtl;Edwards;130000
147;30;RM;51;6120;Pave;NA;Reg;Lvl;AllPub;Corner;Gtl;BrkSide;105000
148;60;RL;NA;9505;Pave;NA;IR1;Lvl;AllPub;CulDSac;Gtl;Gilbert;222500
149;20;RL;63;7500;Pave;NA;Reg;Lvl;AllPub;Inside;Gtl;SawyerW;141000
150;50;RM;NA;6240;Pave;NA;Reg;Lvl;AllPub;Inside;Gtl;BrkSide;115000
151;20;RL;120;10356;Pave;NA;Reg;Lvl;AllPub;Corner;Gtl;CollgCr;122000
152;20;RL;107;13891;Pave;NA;Reg;Lvl;AllPub;Inside;Gtl;NridgHt;372402
153;60;RL;NA;14803;Pave;NA;IR1;Lvl;AllPub;CulDSac;Gtl;NWAmes;190000
154;20;RL;NA;13500;Pave;NA;Reg;Lvl;AllPub;Inside;Gtl;ClearCr;235000
155;30;RM;84;11340;Pave;NA;Reg;Lvl;AllPub;Corner;Gtl;OldTown;125000
156;50;RL;60;9600;Pave;NA;Reg;Lvl;AllPub;Corner;Gtl;Edwards;79000
157;20;RL;60;7200;Pave;NA;Reg;Lvl;AllPub;Inside;Gtl;NAmes;109500
158;60;RL;92;12003;Pave;NA;Reg;Lvl;AllPub;Corner;Gtl;Timber;269500
159;60;FV;100;12552;Pave;NA;Reg;Lvl;AllPub;Corner;Gtl;Somerst;254900
160;60;RL;134;19378;Pave;NA;IR1;HLS;AllPub;Corner;Gtl;Gilbert;320000
161;20;RL;NA;11120;Pave;NA;IR1;Lvl;AllPub;CulDSac;Gtl;Veenker;162500
162;60;RL;110;13688;Pave;NA;IR1;Lvl;AllPub;Inside;Gtl;NridgHt;412500
163;20;RL;95;12182;Pave;NA;Reg;Lvl;AllPub;Corner;Gtl;NridgHt;220000
164;45;RL;55;5500;Pave;NA;Reg;Lvl;AllPub;Inside;Gtl;OldTown;103200
165;40;RM;40;5400;Pave;Pave;Reg;Lvl;AllPub;Corner;Gtl;OldTown;152000
166;190;RL;62;10106;Pave;NA;Reg;Lvl;AllPub;Inside;Gtl;Edwards;127500
167;20;RL;NA;10708;Pave;NA;IR1;Lvl;AllPub;Inside;Gtl;ClearCr;190000
168;60;RL;86;10562;Pave;NA;Reg;Lvl;AllPub;Inside;Gtl;NridgHt;325624
169;60;RL;62;8244;Pave;NA;IR1;Lvl;AllPub;Inside;Gtl;Gilbert;183500
170;20;RL;NA;16669;Pave;NA;IR1;Lvl;AllPub;Corner;Gtl;Timber;228000
171;50;RM;NA;12358;Pave;NA;IR1;Lvl;AllPub;Inside;Gtl;OldTown;128500
172;20;RL;141;31770;Pave;NA;IR1;Lvl;AllPub;Corner;Gtl;NAmes;215000
173;160;RL;44;5306;Pave;NA;IR1;Lvl;AllPub;Inside;Gtl;StoneBr;239000
174;20;RL;80;10197;Pave;NA;IR1;Lvl;AllPub;Inside;Gtl;NAmes;163000
175;20;RL;47;12416;Pave;NA;IR1;Lvl;AllPub;Inside;Gtl;Timber;184000
176;20;RL;84;12615;Pave;NA;Reg;Lvl;AllPub;Corner;Gtl;Edwards;243000
177;60;RL;97;10029;Pave;NA;IR1;Lvl;AllPub;Corner;Gtl;ClearCr;211000
178;50;RL;NA;13650;Pave;NA;Reg;Lvl;AllPub;Inside;Gtl;Sawyer;172500
179;20;RL;63;17423;Pave;NA;IR1;Lvl;AllPub;CulDSac;Gtl;StoneBr;501837
180;30;RM;60;8520;Pave;NA;Reg;Lvl;AllPub;Inside;Gtl;OldTown;100000
181;160;FV;NA;2117;Pave;NA;Reg;Lvl;AllPub;Inside;Gtl;Somerst;177000
182;70;RL;54;7588;Pave;NA;Reg;Lvl;AllPub;Inside;Gtl;Crawfor;200100
183;20;RL;60;9060;Pave;NA;Reg;Lvl;AllPub;Inside;Gtl;Edwards;120000
184;50;RM;63;11426;Pave;NA;Reg;Lvl;AllPub;Inside;Gtl;OldTown;200000
185;50;RL;92;7438;Pave;NA;IR1;Lvl;AllPub;Inside;Gtl;BrkSide;127000
186;75;RM;90;22950;Pave;NA;IR2;Lvl;AllPub;Inside;Gtl;OldTown;475000
187;80;RL;NA;9947;Pave;NA;IR1;Lvl;AllPub;CulDSac;Gtl;Mitchel;173000
188;50;RL;60;10410;Pave;NA;Reg;Lvl;AllPub;Inside;Gtl;OldTown;135000
189;90;RL;64;7018;Pave;NA;Reg;Bnk;AllPub;Inside;Gtl;SawyerW;153337
190;120;RL;41;4923;Pave;NA;Reg;Lvl;AllPub;Inside;Gtl;StoneBr;286000
191;70;RL;70;10570;Pave;NA;Reg;Bnk;AllPub;Inside;Mod;Crawfor;315000
192;60;RL;NA;7472;Pave;NA;IR1;Lvl;AllPub;CulDSac;Gtl;NAmes;184000
193;20;RL;68;9017;Pave;NA;IR1;Lvl;AllPub;Inside;Gtl;CollgCr;192000
194;160;RM;24;2522;Pave;NA;Reg;Lvl;AllPub;Inside;Gtl;Edwards;130000
195;20;RL;60;7180;Pave;NA;IR1;Lvl;AllPub;Inside;Gtl;CollgCr;127000
196;160;RL;24;2280;Pave;NA;Reg;Lvl;AllPub;FR2;Gtl;NPkVill;148500
197;20;RL;79;9416;Pave;NA;Reg;Lvl;AllPub;Inside;Gtl;Somerst;311872
198;75;RL;174;25419;Pave;NA;Reg;Lvl;AllPub;Corner;Gtl;NAmes;235000
199;75;RM;92;5520;Pave;NA;Reg;Lvl;AllPub;Corner;Gtl;OldTown;104000
200;20;RL;76;9591;Pave;NA;Reg;Lvl;AllPub;Inside;Gtl;NridgHt;274900
201;20;RM;80;8546;Pave;NA;Reg;Lvl;AllPub;Corner;Gtl;Edwards;140000
202;20;RL;75;10125;Pave;NA;Reg;Lvl;AllPub;Inside;Gtl;Mitchel;171500
203;50;RL;50;7000;Pave;NA;Reg;Lvl;AllPub;Corner;Gtl;OldTown;112000
204;120;RM;NA;4438;Pave;NA;Reg;Lvl;AllPub;Inside;Gtl;CollgCr;149000
205;50;RM;50;3500;Pave;Grvl;Reg;Lvl;AllPub;Inside;Gtl;OldTown;110000
206;20;RL;99;11851;Pave;NA;Reg;Lvl;AllPub;Corner;Gtl;Gilbert;180500
207;20;RL;40;13673;Pave;NA;IR1;Lvl;AllPub;CulDSac;Gtl;Sawyer;143900
208;20;RL;NA;12493;Pave;NA;IR1;Lvl;AllPub;Inside;Gtl;NAmes;141000
209;60;RL;NA;14364;Pave;NA;IR1;Low;AllPub;Inside;Mod;SawyerW;277000
210;20;RL;75;8250;Pave;NA;Reg;Lvl;AllPub;Inside;Gtl;NAmes;145000
211;30;RL;67;5604;Pave;NA;Reg;Lvl;AllPub;Inside;Gtl;Edwards;98000
212;20;RL;83;10420;Pave;NA;Reg;Lvl;AllPub;Corner;Gtl;Edwards;186000
213;60;FV;72;8640;Pave;NA;Reg;Lvl;AllPub;Inside;Gtl;Somerst;252678
214;20;RL;43;13568;Pave;NA;IR2;Lvl;AllPub;CulDSac;Gtl;CollgCr;156000
215;60;RL;NA;10900;Pave;NA;IR1;Lvl;AllPub;FR2;Gtl;CollgCr;161750
216;20;RL;72;10011;Pave;NA;IR1;Lvl;AllPub;Inside;Gtl;NAmes;134450
217;20;RL;65;8450;Pave;NA;Reg;Lvl;AllPub;Inside;Gtl;CollgCr;210000
218;70;RM;57;9906;Pave;Grvl;Reg;Lvl;AllPub;Inside;Gtl;OldTown;107000
219;50;RL;NA;15660;Pave;NA;IR1;Lvl;AllPub;Corner;Gtl;Crawfor;311500
220;120;RL;43;3010;Pave;NA;Reg;Lvl;AllPub;Inside;Gtl;Blmngtn;167240
221;20;RL;73;8990;Pave;NA;IR1;Lvl;AllPub;Inside;Gtl;CollgCr;204900
222;60;RL;NA;8068;Pave;NA;IR1;Lvl;AllPub;Inside;Gtl;Gilbert;200000
223;60;RL;85;11475;Pave;NA;Reg;Lvl;AllPub;Inside;Gtl;NWAmes;179900
224;20;RL;70;10500;Pave;NA;Reg;Lvl;AllPub;FR2;Gtl;NAmes;97000
225;20;RL;103;13472;Pave;NA;Reg;Lvl;AllPub;Inside;Gtl;NridgHt;386250
226;160;RM;21;1680;Pave;NA;Reg;Lvl;AllPub;Inside;Gtl;BrDale;112000
227;60;RL;82;9950;Pave;NA;IR1;Lvl;AllPub;Inside;Gtl;NoRidge;290000
228;160;RM;21;1869;Pave;NA;Reg;Lvl;AllPub;Inside;Gtl;BrDale;106000
229;20;RL;70;8521;Pave;NA;Reg;Lvl;AllPub;FR2;Gtl;Sawyer;125000
230;120;RL;43;3182;Pave;NA;Reg;Lvl;AllPub;Inside;Gtl;Blmngtn;192500
231;20;RL;73;8760;Pave;NA;Reg;Lvl;AllPub;Inside;Gtl;NAmes;148000
232;60;RL;174;15138;Pave;NA;IR1;Lvl;AllPub;Inside;Gtl;NoRidge;403000
233;160;RM;21;1680;Pave;NA;Reg;Lvl;AllPub;Inside;Gtl;BrDale;94500
234;20;RL;75;10650;Pave;NA;Reg;Lvl;AllPub;Corner;Gtl;CollgCr;128200
235;60;RL;NA;7851;Pave;NA;Reg;Lvl;AllPub;Inside;Gtl;Gilbert;216500
236;160;RM;21;1680;Pave;NA;Reg;Lvl;AllPub;Inside;Gtl;BrDale;89500
237;20;RL;65;8773;Pave;NA;Reg;Lvl;AllPub;FR2;Gtl;CollgCr;185500
238;60;RL;NA;9453;Pave;NA;IR1;Lvl;AllPub;CulDSac;Gtl;SawyerW;194500
239;20;RL;93;12030;Pave;NA;Reg;Lvl;AllPub;Inside;Gtl;NridgHt;318000
240;50;RL;52;8741;Pave;NA;Reg;Lvl;AllPub;Inside;Gtl;Edwards;113000
241;20;FV;75;9000;Pave;NA;Reg;Lvl;AllPub;Inside;Gtl;Somerst;262500
242;30;RM;40;3880;Pave;NA;Reg;Lvl;AllPub;Inside;Gtl;OldTown;110500
243;50;RM;63;5000;Pave;NA;Reg;Lvl;AllPub;Corner;Gtl;OldTown;79000
244;160;RL;75;10762;Pave;NA;Reg;Lvl;AllPub;Corner;Gtl;SawyerW;120000
245;60;RL;NA;8880;Pave;NA;IR1;Lvl;AllPub;Inside;Gtl;SawyerW;205000
246;20;RL;80;10400;Pave;NA;Reg;Lvl;AllPub;Inside;Gtl;NWAmes;241500
247;190;RM;69;9142;Pave;Grvl;Reg;Lvl;AllPub;Inside;Gtl;OldTown;137000
248;20;RL;75;11310;Pave;NA;Reg;Lvl;AllPub;Inside;Gtl;NAmes;140000
249;60;RL;72;11317;Pave;NA;Reg;Lvl;AllPub;Inside;Gtl;CollgCr;180000
250;50;RL;NA;159000;Pave;NA;IR2;Low;AllPub;CulDSac;Sev;ClearCr;277000
251;30;RL;55;5350;Pave;NA;IR1;Lvl;AllPub;Inside;Gtl;BrkSide;76500
252;120;RM;44;4750;Pave;NA;IR1;HLS;AllPub;Inside;Mod;Crawfor;235000
253;60;RL;65;8366;Pave;NA;IR1;Lvl;AllPub;Inside;Gtl;SawyerW;173000
254;80;RL;85;9350;Pave;NA;Reg;Lvl;AllPub;Inside;Gtl;NAmes;158000
255;20;RL;70;8400;Pave;NA;Reg;Lvl;AllPub;Inside;Gtl;NAmes;145000
256;60;RL;66;8738;Pave;NA;IR1;Lvl;AllPub;Inside;Gtl;Gilbert;230000
257;60;FV;64;8791;Pave;NA;IR1;Lvl;AllPub;Inside;Gtl;Somerst;207500
258;20;RL;68;8814;Pave;NA;Reg;Lvl;AllPub;Inside;Gtl;CollgCr;220000
259;60;RL;80;12435;Pave;NA;Reg;Lvl;AllPub;Inside;Gtl;CollgCr;231500
260;20;RM;70;12702;Pave;NA;Reg;Lvl;AllPub;Inside;Gtl;OldTown;97000
261;80;RL;120;19296;Pave;NA;Reg;Lvl;AllPub;Corner;Gtl;NAmes;176000
262;60;RL;69;9588;Pave;NA;IR1;Lvl;AllPub;Inside;Gtl;CollgCr;276000
263;80;RL;88;8471;Pave;NA;IR1;Lvl;AllPub;Corner;Gtl;Sawyer;151000
264;50;RM;50;5500;Pave;NA;Reg;Lvl;AllPub;Corner;Gtl;OldTown;130000
265;30;RM;30;5232;Pave;Grvl;IR3;Bnk;AllPub;Inside;Gtl;OldTown;73000
266;20;RL;78;12090;Pave;NA;IR1;Lvl;AllPub;Inside;Gtl;NWAmes;175500
267;60;RL;70;11207;Pave;NA;IR1;HLS;AllPub;FR2;Gtl;Gilbert;185000
268;75;RL;60;8400;Pave;NA;Reg;Bnk;AllPub;Inside;Mod;SWISU;179500
269;30;RM;71;6900;Pave;NA;Reg;Lvl;AllPub;Inside;Gtl;IDOTRR;120500
270;20;RL;NA;7917;Pave;NA;IR1;Lvl;AllPub;Corner;Gtl;Edwards;148000
271;60;FV;84;10728;Pave;NA;Reg;Lvl;AllPub;Inside;Gtl;Somerst;266000
272;20;RL;73;39104;Pave;NA;IR1;Low;AllPub;CulDSac;Sev;ClearCr;241500
273;60;RL;92;11764;Pave;NA;IR1;Lvl;AllPub;CulDSac;Gtl;NoRidge;290000
274;20;RL;80;9600;Pave;NA;Reg;Lvl;AllPub;Inside;Gtl;NAmes;139000
275;20;RL;76;8314;Pave;NA;Reg;Lvl;AllPub;Corner;Gtl;Mitchel;124500
276;50;RL;55;7264;Pave;NA;Reg;Lvl;AllPub;Inside;Gtl;BrkSide;205000
277;20;RL;129;9196;Pave;NA;IR1;Lvl;AllPub;Inside;Gtl;Mitchel;201000
278;20;RL;140;19138;Pave;NA;Reg;Lvl;AllPub;Corner;Gtl;Gilbert;141000
279;20;RL;107;14450;Pave;NA;Reg;Lvl;AllPub;Inside;Gtl;NridgHt;415298
280;60;RL;83;10005;Pave;NA;Reg;Lvl;AllPub;Inside;Gtl;ClearCr;192000
281;60;RL;82;11287;Pave;NA;Reg;Lvl;AllPub;Inside;Gtl;SawyerW;228500
282;20;FV;60;7200;Pave;Pave;Reg;Lvl;AllPub;Inside;Gtl;Somerst;185000
283;120;RL;34;5063;Pave;NA;Reg;Lvl;AllPub;Inside;Gtl;NridgHt;207500
284;20;RL;74;9612;Pave;NA;Reg;Lvl;AllPub;Inside;Gtl;Somerst;244600
285;120;RL;50;8012;Pave;NA;Reg;Lvl;AllPub;Inside;Gtl;SawyerW;179200
286;160;FV;35;4251;Pave;Pave;IR1;Lvl;AllPub;Inside;Gtl;Somerst;164700
287;50;RL;77;9786;Pave;NA;IR1;Bnk;AllPub;Inside;Gtl;NAmes;159000
288;20;RL;NA;8125;Pave;NA;IR1;Lvl;AllPub;Corner;Gtl;NAmes;88000
289;20;RL;NA;9819;Pave;NA;IR1;Lvl;AllPub;Inside;Gtl;Sawyer;122000
290;70;RL;60;8730;Pave;NA;Reg;Lvl;AllPub;Inside;Gtl;BrkSide;153575
291;60;RL;120;15611;Pave;NA;Reg;Lvl;AllPub;Inside;Gtl;CollgCr;233230
292;190;RL;55;5687;Pave;Grvl;Reg;Bnk;AllPub;Inside;Gtl;SWISU;135900
293;50;RL;60;11409;Pave;NA;Reg;Lvl;AllPub;Inside;Gtl;Edwards;131000
294;60;RL;NA;16659;Pave;NA;IR1;Lvl;AllPub;Corner;Gtl;NWAmes;235000
295;20;RL;80;9600;Pave;NA;Reg;Lvl;AllPub;Inside;Gtl;NAmes;167000
296;80;RL;37;7937;Pave;NA;IR1;Lvl;AllPub;CulDSac;Gtl;Mitchel;142500
297;50;RM;75;13710;Pave;NA;Reg;Lvl;AllPub;Inside;Gtl;IDOTRR;152000
298;60;FV;66;7399;Pave;Pave;IR1;Lvl;AllPub;Inside;Gtl;Somerst;239000
299;60;RL;90;11700;Pave;NA;Reg;Lvl;AllPub;Inside;Gtl;NWAmes;175000
300;20;RL;80;14000;Pave;NA;Reg;Lvl;AllPub;Inside;Gtl;Crawfor;158500
301;190;RL;90;15750;Pave;NA;Reg;Lvl;AllPub;Corner;Gtl;Crawfor;157000
302;60;RL;66;16226;Pave;NA;IR3;Lvl;AllPub;Inside;Gtl;CollgCr;267000
303;20;RL;118;13704;Pave;NA;IR1;Lvl;AllPub;Corner;Gtl;CollgCr;205000
304;20;RL;70;9800;Pave;NA;Reg;Lvl;AllPub;Corner;Gtl;CollgCr;149900
305;75;RM;87;18386;Pave;NA;Reg;Lvl;AllPub;Inside;Gtl;OldTown;295000
306;20;RL;80;10386;Pave;NA;Reg;Lvl;AllPub;Inside;Gtl;CollgCr;305900
307;60;RL;116;13474;Pave;NA;Reg;Lvl;AllPub;Inside;Gtl;SawyerW;225000
308;50;RM;NA;7920;Pave;Grvl;IR1;Lvl;AllPub;Inside;Gtl;IDOTRR;89500
309;30;RL;NA;12342;Pave;NA;IR1;Lvl;AllPub;Inside;Gtl;Edwards;82500
310;20;RL;90;12378;Pave;NA;IR1;Lvl;AllPub;Inside;Gtl;NridgHt;360000
311;60;RL;NA;7685;Pave;NA;IR1;Lvl;AllPub;Inside;Gtl;Gilbert;165600
312;20;RL;50;8000;Pave;NA;Reg;Lvl;AllPub;Inside;Gtl;NAmes;132000
313;190;RM;65;7800;Pave;NA;Reg;Lvl;AllPub;Inside;Gtl;OldTown;119900
314;20;RL;150;215245;Pave;NA;IR3;Low;AllPub;Inside;Sev;Timber;375000
315;70;RM;60;9600;Pave;Grvl;Reg;Lvl;AllPub;Inside;Gtl;OldTown;178000
316;60;RL;71;7795;Pave;NA;IR1;Lvl;AllPub;Inside;Gtl;Gilbert;188500
317;60;RL;94;13005;Pave;NA;IR1;Lvl;AllPub;Corner;Gtl;NWAmes;260000
318;60;FV;75;9000;Pave;NA;Reg;Lvl;AllPub;Inside;Gtl;Somerst;270000
319;60;RL;90;9900;Pave;NA;Reg;Low;AllPub;Inside;Mod;NoRidge;260000
320;80;RL;NA;14115;Pave;NA;Reg;Lvl;AllPub;Inside;Gtl;NWAmes;187500
321;60;RL;111;16259;Pave;NA;Reg;Lvl;AllPub;Corner;Gtl;NridgHt;342643
322;60;RL;99;12099;Pave;NA;IR1;Lvl;AllPub;Inside;Gtl;NridgHt;354000
323;60;RL;86;10380;Pave;NA;IR1;Lvl;AllPub;Inside;Gtl;SawyerW;301000
324;20;RM;49;5820;Pave;NA;Reg;Lvl;AllPub;Inside;Gtl;OldTown;126175
325;80;RL;96;11275;Pave;NA;Reg;Lvl;AllPub;Corner;Gtl;NAmes;242000
326;45;RM;50;5000;Pave;NA;Reg;Lvl;AllPub;Inside;Gtl;IDOTRR;87000
327;120;RL;32;10846;Pave;NA;IR1;Lvl;AllPub;CulDSac;Gtl;Veenker;324000
328;20;RL;80;11600;Pave;NA;Reg;Lvl;AllPub;Inside;Gtl;NAmes;145250
329;75;RL;NA;11888;Pave;Pave;IR1;Bnk;AllPub;Inside;Gtl;BrkSide;214500
330;70;RM;60;6402;Pave;NA;Reg;Lvl;AllPub;Corner;Gtl;IDOTRR;78000
331;90;RL;NA;10624;Pave;NA;IR1;Lvl;AllPub;Inside;Gtl;NAmes;119000
332;20;RL;70;8176;Pave;NA;Reg;Lvl;AllPub;Inside;Gtl;NAmes;139000
333;20;RL;85;10655;Pave;NA;IR1;Lvl;AllPub;Inside;Gtl;NridgHt;284000
334;120;RM;59;8198;Pave;NA;Reg;Lvl;AllPub;FR3;Gtl;NridgHt;207000
335;60;RL;59;9042;Pave;NA;IR1;Lvl;AllPub;Inside;Gtl;Gilbert;192000
336;190;RL;NA;164660;Grvl;NA;IR1;HLS;AllPub;Corner;Sev;Timber;228950
337;20;RL;86;14157;Pave;NA;IR1;HLS;AllPub;Corner;Gtl;StoneBr;377426
338;20;RL;70;9135;Pave;NA;Reg;Lvl;AllPub;Inside;Gtl;CollgCr;214000
339;20;RL;91;14145;Pave;NA;Reg;Lvl;AllPub;Corner;Gtl;NWAmes;202500
340;20;RL;66;12400;Pave;NA;IR1;Lvl;AllPub;Inside;Gtl;NAmes;155000
341;60;RL;85;14191;Pave;NA;Reg;Lvl;AllPub;Inside;Gtl;Timber;202900
342;20;RH;60;8400;Pave;NA;Reg;Lvl;AllPub;Inside;Gtl;SawyerW;82000
343;90;RL;NA;8544;Pave;NA;Reg;Lvl;AllPub;Inside;Gtl;NAmes;87500
344;120;RL;63;8849;Pave;NA;IR1;Lvl;AllPub;Inside;Gtl;NridgHt;266000
345;160;RM;36;2592;Pave;NA;Reg;Lvl;AllPub;Inside;Gtl;MeadowV;85000
346;50;RL;65;6435;Pave;NA;Reg;Lvl;AllPub;Inside;Gtl;BrkSide;140200
347;20;RL;NA;12772;Pave;NA;IR1;Lvl;AllPub;CulDSac;Gtl;NAmes;151500
348;20;RL;NA;17600;Pave;NA;IR1;Lvl;AllPub;Inside;Gtl;NAmes;157500
349;160;RL;36;2448;Pave;NA;Reg;Lvl;AllPub;Inside;Gtl;NridgHt;154000
350;60;RL;56;20431;Pave;NA;IR2;Lvl;AllPub;Inside;Gtl;NridgHt;437154
351;120;RL;68;7820;Pave;NA;IR1;Lvl;AllPub;Inside;Gtl;NridgHt;318061
352;120;RL;NA;5271;Pave;NA;IR1;Low;AllPub;Inside;Mod;ClearCr;190000
353;50;RL;60;9084;Pave;NA;Reg;Lvl;AllPub;Inside;Gtl;Edwards;95000
354;30;RM;60;8520;Pave;NA;Reg;Lvl;AllPub;Inside;Gtl;OldTown;105900
355;50;RL;60;8400;Pave;NA;Reg;Bnk;AllPub;Inside;Gtl;SWISU;140000
356;20;RL;105;11249;Pave;NA;IR2;Lvl;AllPub;Inside;Gtl;CollgCr;177500
357;20;RL;NA;9248;Pave;NA;IR1;Lvl;AllPub;Inside;Gtl;Gilbert;173000
358;120;RM;44;4224;Pave;NA;Reg;Lvl;AllPub;Inside;Gtl;MeadowV;134000
359;80;RL;92;6930;Pave;NA;IR1;Lvl;AllPub;Inside;Gtl;ClearCr;130000
360;60;RL;78;12011;Pave;NA;IR1;Lvl;AllPub;CulDSac;Gtl;NoRidge;280000
361;85;RL;NA;7540;Pave;NA;IR1;Lvl;AllPub;CulDSac;Gtl;Mitchel;156000
362;50;RL;NA;9144;Pave;Pave;Reg;Lvl;AllPub;Inside;Gtl;BrkSide;145000
363;85;RL;64;7301;Pave;NA;Reg;Lvl;AllPub;Corner;Gtl;Edwards;198500
364;160;RM;21;1680;Pave;NA;Reg;Lvl;AllPub;Inside;Gtl;BrDale;118000
365;60;RL;NA;18800;Pave;NA;IR1;Lvl;AllPub;FR2;Gtl;NWAmes;190000
366;70;RM;59;10690;Pave;NA;Reg;Lvl;AllPub;Inside;Gtl;IDOTRR;147000
367;20;RL;NA;9500;Pave;NA;IR1;Lvl;AllPub;Inside;Gtl;NAmes;159000
368;80;RL;101;9150;Pave;NA;IR1;Lvl;AllPub;Corner;Gtl;NAmes;165000
369;20;RL;78;7800;Pave;NA;Reg;Lvl;AllPub;Inside;Gtl;NAmes;132000
370;20;RL;NA;9830;Pave;NA;IR1;Lvl;AllPub;Corner;Gtl;NAmes;162000
371;60;RL;NA;8121;Pave;NA;IR1;Lvl;AllPub;Inside;Gtl;Gilbert;172400
372;50;RL;80;17120;Pave;NA;Reg;Lvl;AllPub;Inside;Gtl;ClearCr;134432
373;120;RL;50;7175;Pave;NA;Reg;Lvl;AllPub;Inside;Gtl;SawyerW;125000
374;20;RL;79;10634;Pave;NA;Reg;Lvl;AllPub;Inside;Gtl;NAmes;123000
375;60;RL;65;8200;Pave;NA;Reg;Lvl;AllPub;Inside;Gtl;CollgCr;219500
376;30;RL;NA;10020;Pave;NA;IR1;Low;AllPub;Inside;Sev;Edwards;61000
377;85;RL;57;8846;Pave;NA;IR1;Lvl;AllPub;CulDSac;Gtl;CollgCr;148000
378;60;FV;102;11143;Pave;NA;IR1;Lvl;AllPub;Corner;Gtl;Somerst;340000
379;20;RL;88;11394;Pave;NA;Reg;Lvl;AllPub;Corner;Gtl;StoneBr;394432
380;60;RL;60;8123;Pave;NA;IR1;Lvl;AllPub;Inside;Gtl;Gilbert;179000
381;50;RL;50;5000;Pave;Pave;Reg;Lvl;AllPub;Inside;Gtl;SWISU;127000
382;20;FV;60;7200;Pave;Pave;Reg;Lvl;AllPub;Inside;Gtl;Somerst;187750
383;60;RL;79;9245;Pave;NA;IR1;Lvl;AllPub;Inside;Gtl;CollgCr;213500
384;45;RH;60;9000;Pave;NA;Reg;Lvl;AllPub;Corner;Gtl;SawyerW;76000
385;60;RL;NA;53107;Pave;NA;IR2;Low;AllPub;Corner;Mod;ClearCr;240000
386;120;RL;43;3182;Pave;NA;Reg;Lvl;AllPub;Inside;Gtl;Blmngtn;192000
387;50;RL;58;8410;Pave;NA;Reg;Lvl;AllPub;FR2;Gtl;Edwards;81000
388;80;RL;72;7200;Pave;NA;Reg;Lvl;AllPub;Inside;Gtl;Edwards;125000
389;20;RL;93;9382;Pave;NA;IR1;Lvl;AllPub;CulDSac;Gtl;CollgCr;191000
390;60;RL;96;12474;Pave;NA;Reg;Lvl;AllPub;Inside;Gtl;NridgHt;426000
391;50;RL;50;8405;Pave;Grvl;Reg;Lvl;AllPub;Inside;Gtl;Edwards;119000
392;60;RL;71;12209;Pave;NA;IR1;Lvl;AllPub;CulDSac;Gtl;Mitchel;215000
393;20;RL;NA;8339;Pave;NA;IR1;Lvl;AllPub;Inside;Gtl;NAmes;106500
394;30;RL;NA;7446;Pave;NA;Reg;Lvl;AllPub;Corner;Gtl;BrkSide;100000
395;50;RL;60;10134;Pave;NA;Reg;Lvl;AllPub;Inside;Gtl;OldTown;109000
396;20;RL;68;9571;Pave;NA;Reg;Lvl;AllPub;Inside;Gtl;Edwards;129000
397;20;RL;60;7200;Pave;NA;Reg;Low;AllPub;Inside;Gtl;CollgCr;123000
398;60;RL;69;7590;Pave;NA;Reg;Lvl;AllPub;Inside;Gtl;NAmes;169500
399;30;RM;60;8967;Pave;NA;Reg;Lvl;AllPub;Corner;Gtl;IDOTRR;67000
400;60;FV;65;8125;Pave;NA;Reg;Lvl;AllPub;Inside;Gtl;Somerst;241000
401;120;RL;38;14963;Pave;NA;IR2;Lvl;AllPub;Inside;Gtl;Veenker;245500
402;20;RL;65;8767;Pave;NA;IR1;Lvl;AllPub;Inside;Gtl;CollgCr;164990
403;30;RL;60;10200;Pave;NA;Reg;Lvl;AllPub;Inside;Gtl;Sawyer;108000
404;60;RL;93;12090;Pave;NA;Reg;Lvl;AllPub;Corner;Gtl;NoRidge;258000
405;60;RL;NA;10364;Pave;NA;IR1;Lvl;AllPub;Inside;Gtl;Gilbert;168000
406;20;RL;NA;9991;Pave;NA;IR1;Lvl;AllPub;Corner;Gtl;Sawyer;150000
407;50;RL;51;10480;Pave;NA;Reg;Lvl;AllPub;Inside;Gtl;SWISU;115000
408;70;RL;63;15576;Pave;NA;Reg;Lvl;AllPub;Inside;Gtl;Crawfor;177000
409;60;RL;109;14154;Pave;NA;Reg;Lvl;AllPub;Corner;Gtl;NridgHt;280000
410;60;FV;85;10800;Pave;NA;Reg;Lvl;AllPub;Inside;Gtl;Somerst;339750
411;20;RL;68;9571;Pave;NA;Reg;Lvl;AllPub;Inside;Gtl;Edwards;60000
412;190;RL;100;34650;Pave;NA;Reg;Bnk;AllPub;Inside;Gtl;Gilbert;145000
413;20;FV;NA;4403;Pave;NA;IR2;Lvl;AllPub;Inside;Gtl;Somerst;222000
414;30;RM;56;8960;Pave;Grvl;Reg;Lvl;AllPub;Inside;Gtl;OldTown;115000
415;60;RL;59;11228;Pave;NA;IR2;Lvl;AllPub;CulDSac;Gtl;SawyerW;228000
416;20;RL;73;8899;Pave;NA;IR1;Lvl;AllPub;Inside;Gtl;Gilbert;181134
417;60;RL;74;7844;Pave;NA;Reg;Lvl;AllPub;Inside;Gtl;Sawyer;149500
418;70;RL;86;22420;Pave;NA;IR1;Lvl;AllPub;Inside;Gtl;Crawfor;239000
419;50;RL;60;8160;Pave;NA;Reg;Lvl;AllPub;Inside;Gtl;Edwards;126000
420;20;RL;65;8450;Pave;NA;Reg;Lvl;AllPub;Inside;Gtl;NAmes;142000
421;90;RM;78;7060;Pave;NA;Reg;Lvl;AllPub;Inside;Gtl;Mitchel;206300
422;20;RL;NA;16635;Pave;NA;IR1;Lvl;AllPub;FR2;Gtl;NWAmes;215000
423;20;RL;100;21750;Pave;NA;Reg;HLS;AllPub;Inside;Mod;Mitchel;113000
424;60;RL;80;9200;Pave;NA;Reg;Lvl;AllPub;Inside;Gtl;NoRidge;315000
425;20;RL;72;9000;Pave;NA;Reg;Lvl;AllPub;Inside;Gtl;NAmes;139000
426;60;RM;60;3378;Pave;Grvl;Reg;HLS;AllPub;Inside;Gtl;OldTown;135000
427;80;RL;NA;12800;Pave;NA;Reg;Low;AllPub;Inside;Mod;SawyerW;275000
428;20;RL;77;8593;Pave;NA;IR1;Lvl;AllPub;Inside;Gtl;NAmes;109008
429;20;RL;64;6762;Pave;NA;Reg;Lvl;AllPub;Inside;Gtl;CollgCr;195400
430;20;RL;130;11457;Pave;NA;IR1;Lvl;AllPub;Corner;Gtl;Timber;175000
431;160;RM;21;1680;Pave;NA;Reg;Lvl;AllPub;Inside;Gtl;BrDale;85400
432;50;RM;60;5586;Pave;NA;IR1;Bnk;AllPub;Inside;Gtl;OldTown;79900
433;160;RM;24;1920;Pave;NA;Reg;Lvl;AllPub;Inside;Gtl;BrDale;122500
434;60;RL;100;10839;Pave;NA;IR1;Lvl;AllPub;Corner;Gtl;Gilbert;181000
435;180;RM;21;1890;Pave;NA;Reg;Lvl;AllPub;Inside;Gtl;MeadowV;81000
436;60;RL;43;10667;Pave;NA;IR2;Lvl;AllPub;CulDSac;Gtl;CollgCr;212000
437;50;RM;40;4400;Pave;NA;Reg;Lvl;AllPub;Inside;Gtl;OldTown;116000
438;45;RM;50;6000;Pave;NA;Reg;Lvl;AllPub;Inside;Gtl;BrkSide;119000
439;30;RL;40;4280;Pave;NA;Reg;Lvl;AllPub;Inside;Gtl;Crawfor;90350
440;50;RL;67;12354;Pave;Grvl;Reg;Lvl;AllPub;Corner;Gtl;Edwards;110000
441;20;RL;105;15431;Pave;NA;Reg;Lvl;AllPub;Inside;Gtl;NridgHt;555000
442;90;RL;92;12108;Pave;NA;Reg;Lvl;AllPub;Inside;Gtl;Edwards;118000
443;50;RM;52;6240;Pave;NA;Reg;Lvl;AllPub;Inside;Gtl;BrkSide;162900
444;120;RL;53;3922;Pave;NA;Reg;Lvl;AllPub;Inside;Gtl;Blmngtn;172500
445;60;RL;70;8750;Pave;NA;Reg;Lvl;AllPub;Inside;Gtl;CollgCr;210000
446;20;RL;73;9855;Pave;NA;Reg;Lvl;AllPub;Corner;Gtl;Edwards;127500
447;20;RL;137;16492;Pave;NA;IR1;Lvl;AllPub;Corner;Gtl;NAmes;190000
448;60;RL;NA;11214;Pave;NA;IR1;Lvl;AllPub;Corner;Gtl;Gilbert;199900
449;50;RM;50;8600;Pave;NA;Reg;Bnk;AllPub;Inside;Gtl;IDOTRR;119500
450;50;RM;50;6000;Pave;NA;Reg;Lvl;AllPub;Inside;Gtl;OldTown;120000
451;30;RM;70;5684;Pave;NA;Reg;Lvl;AllPub;Inside;Gtl;OldTown;110000
452;20;RL;62;70761;Pave;NA;IR1;Low;AllPub;Inside;Mod;ClearCr;280000
453;60;RL;NA;9303;Pave;NA;IR1;Lvl;AllPub;Corner;Gtl;Timber;204000
454;60;FV;75;9000;Pave;NA;Reg;Lvl;AllPub;Inside;Gtl;Somerst;210000
455;90;RL;63;9297;Pave;NA;Reg;Lvl;AllPub;Inside;Gtl;Mitchel;188000
456;20;RL;80;9600;Pave;NA;Reg;Lvl;AllPub;Inside;Gtl;NWAmes;175500
457;70;RM;34;4571;Pave;Grvl;Reg;Lvl;AllPub;Inside;Gtl;OldTown;98000
458;20;RL;NA;53227;Pave;NA;IR1;Low;AllPub;CulDSac;Mod;ClearCr;256000
459;70;RM;NA;5100;Pave;Grvl;Reg;Lvl;AllPub;Inside;Gtl;OldTown;161000
460;50;RL;NA;7015;Pave;NA;IR1;Bnk;AllPub;Corner;Gtl;BrkSide;110000
461;60;FV;75;8004;Pave;NA;IR1;Lvl;AllPub;Inside;Gtl;Somerst;263435
462;70;RL;60;7200;Pave;NA;Reg;Lvl;AllPub;Inside;Gtl;SWISU;155000
463;20;RL;60;8281;Pave;NA;IR1;Lvl;AllPub;Inside;Gtl;Sawyer;62383
464;70;RL;74;11988;Pave;NA;IR1;HLS;AllPub;Inside;Mod;Crawfor;188700
465;20;RL;60;8430;Pave;NA;Reg;HLS;AllPub;Inside;Mod;CollgCr;124000
466;120;RM;NA;3072;Pave;NA;Reg;Lvl;AllPub;Inside;Gtl;Blmngtn;178740
467;20;RL;85;10628;Pave;NA;Reg;Lvl;AllPub;Inside;Gtl;NAmes;167000
468;70;RL;79;9480;Pave;NA;Reg;Lvl;AllPub;Inside;Gtl;NAmes;146500
469;20;RL;98;11428;Pave;NA;IR1;Lvl;AllPub;Inside;Gtl;NridgHt;250000
470;60;RL;76;9291;Pave;NA;IR1;Lvl;AllPub;Corner;Gtl;SawyerW;187000
471;120;RL;NA;6820;Pave;NA;IR1;Lvl;AllPub;Corner;Gtl;StoneBr;212000
472;60;RL;92;11952;Pave;NA;Reg;Lvl;AllPub;Inside;Gtl;NWAmes;190000
473;180;RM;35;3675;Pave;NA;Reg;Lvl;AllPub;Inside;Gtl;Edwards;148000
474;20;RL;110;14977;Pave;NA;IR1;Lvl;AllPub;Inside;Gtl;NridgHt;440000
475;120;RL;41;5330;Pave;NA;Reg;Lvl;AllPub;Inside;Gtl;StoneBr;251000
476;20;RL;80;8480;Pave;NA;Reg;Lvl;AllPub;Corner;Gtl;Sawyer;132500
477;20;RL;75;13125;Pave;NA;Reg;Lvl;AllPub;Inside;Mod;CollgCr;208900
478;60;RL;105;13693;Pave;NA;Reg;Lvl;AllPub;Inside;Gtl;NridgHt;380000
479;20;RL;79;10637;Pave;NA;Reg;Lvl;AllPub;Inside;Gtl;CollgCr;297000
480;30;RM;50;5925;Pave;NA;Reg;Bnk;AllPub;Inside;Gtl;OldTown;89471
481;20;RL;98;16033;Pave;NA;IR1;Lvl;AllPub;FR2;Gtl;NridgHt;326000
482;20;RL;72;11846;Pave;NA;IR1;HLS;AllPub;Inside;Gtl;NridgHt;374000
483;70;RM;50;2500;Pave;Pave;Reg;Lvl;AllPub;Corner;Gtl;OldTown;155000
484;120;RM;32;4500;Pave;NA;Reg;Lvl;AllPub;FR2;Gtl;Mitchel;164000
485;20;RL;NA;7758;Pave;NA;IR1;Lvl;AllPub;Corner;Gtl;Sawyer;132500
486;20;RL;80;9600;Pave;NA;Reg;Lvl;AllPub;Inside;Gtl;NAmes;147000
487;20;RL;79;10289;Pave;NA;Reg;Lvl;AllPub;Inside;Gtl;NAmes;156000
488;20;RL;70;12243;Pave;NA;IR1;Lvl;AllPub;Inside;Gtl;NWAmes;175000
489;190;RL;60;10800;Pave;NA;Reg;Lvl;AllPub;Corner;Gtl;OldTown;160000
490;180;RM;21;1526;Pave;NA;Reg;Lvl;AllPub;Inside;Gtl;MeadowV;86000
491;160;RM;NA;2665;Pave;NA;Reg;Lvl;AllPub;Inside;Gtl;MeadowV;115000
492;50;RL;79;9490;Pave;NA;Reg;Lvl;AllPub;Inside;Gtl;NAmes;133000
493;60;RL;105;15578;Pave;NA;IR1;Lvl;AllPub;Corner;Gtl;Gilbert;172785
494;20;RL;70;7931;Pave;NA;Reg;Lvl;AllPub;Inside;Gtl;NAmes;155000
495;30;RM;50;5784;Pave;NA;Reg;Lvl;AllPub;Inside;Gtl;OldTown;91300
496;30;C (all);60;7879;Pave;NA;Reg;Lvl;AllPub;Inside;Gtl;IDOTRR;34900
497;20;RL;NA;12692;Pave;NA;IR1;Lvl;AllPub;Inside;Gtl;NoRidge;430000
498;50;RL;60;9120;Pave;Pave;Reg;Lvl;AllPub;Inside;Gtl;BrkSide;184000
499;20;RL;65;7800;Pave;NA;Reg;Lvl;AllPub;Inside;Gtl;Sawyer;130000
500;20;RL;70;7535;Pave;NA;IR1;Lvl;AllPub;Inside;Gtl;NAmes;120000
501;160;RM;21;1890;Pave;NA;Reg;Lvl;AllPub;Inside;Gtl;BrDale;113000
502;60;FV;75;9803;Pave;NA;Reg;Lvl;AllPub;Inside;Gtl;Somerst;226700
503;20;RL;70;9170;Pave;NA;Reg;Lvl;AllPub;Corner;Gtl;Edwards;140000
504;20;RL;100;15602;Pave;NA;IR1;Lvl;AllPub;Inside;Gtl;Crawfor;289000
505;160;RL;24;2308;Pave;NA;Reg;Lvl;AllPub;Inside;Gtl;NPkVill;147000
506;90;RM;60;7596;Pave;Grvl;Reg;Lvl;AllPub;Inside;Gtl;OldTown;124500
507;60;RL;80;9554;Pave;NA;IR1;Lvl;AllPub;Inside;Gtl;SawyerW;215000
508;20;FV;75;7862;Pave;NA;IR1;Lvl;AllPub;Inside;Gtl;Somerst;208300
509;70;RM;60;9600;Pave;NA;Reg;Lvl;AllPub;Inside;Gtl;OldTown;161000
510;20;RL;80;9600;Pave;NA;Reg;Lvl;AllPub;Corner;Gtl;NAmes;124500
511;20;RL;75;14559;Pave;NA;Reg;Lvl;AllPub;Inside;Gtl;NAmes;164900
512;120;RL;40;6792;Pave;NA;IR1;Lvl;AllPub;Inside;Gtl;NridgHt;202665
513;20;RL;70;9100;Pave;NA;Reg;Lvl;AllPub;Corner;Gtl;NAmes;129900
514;20;RL;71;9187;Pave;NA;Reg;Bnk;AllPub;Corner;Gtl;Mitchel;134000
515;45;RL;55;10594;Pave;NA;Reg;Lvl;AllPub;Inside;Gtl;Crawfor;96500
516;20;RL;94;12220;Pave;NA;Reg;Lvl;AllPub;Inside;Gtl;NridgHt;402861
517;80;RL;NA;10448;Pave;NA;IR1;Lvl;AllPub;Corner;Gtl;NWAmes;158000
518;60;RL;79;10208;Pave;NA;IR1;Lvl;AllPub;Inside;Gtl;NoRidge;265000
519;60;RL;NA;9531;Pave;NA;IR1;Lvl;AllPub;CulDSac;Gtl;CollgCr;211000
520;70;RL;53;10918;Pave;NA;Reg;Lvl;AllPub;Inside;Gtl;Crawfor;234000
521;190;RL;60;10800;Pave;Grvl;Reg;Lvl;AllPub;Inside;Gtl;OldTown;106250
522;20;RL;90;11988;Pave;NA;IR1;Lvl;AllPub;Corner;Gtl;NAmes;150000
523;50;RM;50;5000;Pave;NA;Reg;Lvl;AllPub;Corner;Gtl;BrkSide;159000
524;60;RL;130;40094;Pave;NA;IR1;Bnk;AllPub;Inside;Gtl;Edwards;184750
525;60;RL;95;11787;Pave;NA;IR1;Lvl;AllPub;Inside;Gtl;NoRidge;315750
526;20;FV;62;7500;Pave;Pave;Reg;Lvl;AllPub;Inside;Gtl;Somerst;176000
527;20;RL;70;13300;Pave;NA;Reg;Lvl;AllPub;Inside;Gtl;NAmes;132000
528;60;RL;67;14948;Pave;NA;IR1;Lvl;AllPub;Inside;Gtl;NridgHt;446261
529;30;RL;58;9098;Pave;NA;IR1;Lvl;AllPub;Inside;Gtl;Edwards;86000
530;20;RL;NA;32668;Pave;NA;IR1;Lvl;AllPub;CulDSac;Gtl;Crawfor;200624
531;80;RL;85;10200;Pave;NA;Reg;Lvl;AllPub;Inside;Gtl;Timber;175000
532;70;RM;60;6155;Pave;NA;IR1;Lvl;AllPub;FR3;Gtl;BrkSide;128000
533;20;RL;60;7200;Pave;NA;Reg;Lvl;AllPub;Inside;Gtl;NAmes;107500
534;20;RL;50;5000;Pave;NA;Reg;Low;AllPub;Inside;Mod;BrkSide;39300
535;60;RL;74;9056;Pave;NA;IR1;Lvl;AllPub;Inside;Gtl;Gilbert;178000
536;190;RL;70;7000;Pave;NA;Reg;Lvl;AllPub;Inside;Gtl;Edwards;107500
537;60;RL;57;8924;Pave;NA;IR1;Lvl;AllPub;CulDSac;Gtl;CollgCr;188000
538;20;RL;NA;12735;Pave;NA;IR1;Lvl;AllPub;FR2;Gtl;NAmes;111250
539;20;RL;NA;11553;Pave;NA;IR1;Lvl;AllPub;Inside;Gtl;Sawyer;158000
540;20;RL;NA;11423;Pave;NA;Reg;Lvl;AllPub;Inside;Gtl;CollgCr;272000
541;20;RL;85;14601;Pave;NA;Reg;Lvl;AllPub;Inside;Gtl;Timber;315000
542;60;RL;NA;11000;Pave;NA;Reg;Lvl;AllPub;FR2;Gtl;NoRidge;248000
543;20;RL;78;10140;Pave;NA;Reg;Lvl;AllPub;Inside;Gtl;NWAmes;213250
544;120;RH;34;4058;Pave;NA;Reg;Lvl;AllPub;Inside;Gtl;NAmes;133000
545;60;RL;58;17104;Pave;NA;IR1;Lvl;AllPub;Inside;Gtl;Gilbert;179665
546;50;RL;NA;13837;Pave;NA;IR1;Lvl;AllPub;Corner;Gtl;NWAmes;229000
547;50;RL;70;8737;Pave;NA;IR1;Bnk;AllPub;Inside;Gtl;BrkSide;210000
548;85;RL;54;7244;Pave;NA;Reg;Lvl;AllPub;Inside;Gtl;Mitchel;129500
549;20;RM;49;8235;Pave;NA;IR1;HLS;AllPub;Inside;Gtl;OldTown;125000
550;60;FV;75;9375;Pave;NA;Reg;Lvl;AllPub;Inside;Gtl;Somerst;263000
551;120;RL;53;4043;Pave;NA;Reg;Lvl;AllPub;Inside;Gtl;NPkVill;140000
552;20;RM;50;6000;Pave;NA;Reg;Lvl;AllPub;Inside;Gtl;OldTown;112500
553;20;RL;87;11146;Pave;NA;IR1;Lvl;AllPub;Inside;Gtl;NridgHt;255500
554;20;RL;67;8777;Pave;NA;Reg;Lvl;AllPub;Inside;Gtl;Edwards;108000
555;60;RL;85;10625;Pave;NA;Reg;Lvl;AllPub;Inside;Gtl;NridgHt;284000
556;45;RM;58;6380;Pave;NA;Reg;Lvl;AllPub;Inside;Gtl;BrkSide;113000
557;20;RL;69;14850;Pave;NA;IR1;Lvl;AllPub;Inside;Gtl;NAmes;141000
558;50;C (all);60;11040;Pave;NA;Reg;Low;AllPub;Inside;Mod;IDOTRR;108000
559;60;RL;57;21872;Pave;NA;IR2;HLS;AllPub;FR2;Gtl;Gilbert;175000
560;120;RL;NA;3196;Pave;NA;Reg;Lvl;AllPub;Inside;Gtl;Blmngtn;234000
561;20;RL;NA;11341;Pave;NA;IR1;Lvl;AllPub;Inside;Gtl;Sawyer;121500
562;20;RL;77;10010;Pave;NA;Reg;Lvl;AllPub;Inside;Mod;Mitchel;170000
563;30;RL;63;13907;Pave;NA;Reg;Lvl;AllPub;Inside;Gtl;Edwards;108000
564;50;RL;66;21780;Pave;NA;Reg;Lvl;AllPub;Inside;Gtl;Edwards;185000
565;60;RL;NA;13346;Pave;NA;IR1;Lvl;AllPub;CulDSac;Gtl;NoRidge;268000
566;70;RL;66;6858;Pave;NA;Reg;Bnk;AllPub;Corner;Gtl;SWISU;128000
567;60;RL;77;11198;Pave;NA;IR1;Lvl;AllPub;Inside;Gtl;StoneBr;325000
568;20;RL;70;10171;Pave;NA;IR1;Lvl;AllPub;Inside;Gtl;NridgHt;214000
569;50;RL;79;12327;Pave;NA;IR1;Low;AllPub;Inside;Mod;SawyerW;316600
570;90;RL;NA;7032;Pave;NA;IR1;Lvl;AllPub;Corner;Gtl;NAmes;135960
571;90;RL;74;13101;Pave;NA;IR1;Lvl;AllPub;Inside;Gtl;NAmes;142600
572;20;RL;60;7332;Pave;NA;Reg;Lvl;AllPub;Inside;Gtl;NAmes;120000
573;60;RL;83;13159;Pave;NA;IR1;HLS;AllPub;Corner;Gtl;Timber;224500
574;80;RL;76;9967;Pave;NA;IR1;Lvl;AllPub;Inside;Gtl;Gilbert;170000
575;80;RL;70;10500;Pave;NA;Reg;Lvl;AllPub;FR2;Gtl;NAmes;139000
576;50;RL;80;8480;Pave;NA;Reg;Lvl;AllPub;Inside;Gtl;NAmes;118500
577;50;RL;52;6292;Pave;NA;Reg;Lvl;AllPub;Inside;Gtl;SWISU;145000
578;80;RL;96;11777;Pave;NA;IR1;Lvl;AllPub;Inside;Gtl;Sawyer;164500
579;160;FV;34;3604;Pave;Pave;Reg;Lvl;AllPub;Corner;Gtl;Somerst;146000
580;50;RM;81;12150;Pave;Grvl;Reg;Lvl;AllPub;Inside;Gtl;OldTown;131500
581;20;RL;NA;14585;Pave;NA;IR1;Lvl;AllPub;CulDSac;Gtl;NAmes;181900
582;20;RL;98;12704;Pave;NA;Reg;Lvl;AllPub;Inside;Gtl;NridgHt;253293
583;90;RL;81;11841;Grvl;NA;Reg;Lvl;AllPub;Inside;Gtl;Edwards;118500
584;75;RM;75;13500;Pave;NA;Reg;Lvl;AllPub;Inside;Gtl;OldTown;325000
585;50;RM;51;6120;Pave;NA;Reg;Lvl;AllPub;Inside;Gtl;BrkSide;133000
586;20;RL;88;11443;Pave;NA;Reg;Lvl;AllPub;Inside;Gtl;Timber;369900
587;30;RL;55;10267;Pave;NA;Reg;Lvl;AllPub;Inside;Gtl;BrkSide;130000
588;85;RL;74;8740;Pave;NA;IR1;Lvl;AllPub;Inside;Gtl;Sawyer;137000
589;20;RL;65;25095;Pave;NA;IR1;Low;AllPub;Inside;Sev;ClearCr;143000
590;40;RM;50;9100;Pave;NA;Reg;Lvl;AllPub;Inside;Gtl;BrkSide;79500
591;60;RL;64;8320;Pave;NA;Reg;Lvl;AllPub;Inside;Gtl;CollgCr;185900
592;60;RL;97;13478;Pave;NA;IR1;Lvl;AllPub;Corner;Gtl;NridgHt;451950
593;20;RL;60;6600;Pave;NA;Reg;Lvl;AllPub;Inside;Gtl;Mitchel;138000
594;120;RM;NA;4435;Pave;NA;Reg;Lvl;AllPub;Inside;Gtl;CollgCr;140000
