duration,packets,bytes,failed_logins
224.83570765056163,19.308678494144075,5518.150830480554,0.3046059712816051
188.2923312638332,18.8293152152541,6263.370252405914,0.15348694583058176
176.52628070325238,22.712800217929825,4629.26584575003,-0.09314595071405138
212.0981135783017,10.43359877671101,3620.065733989574,-0.11245750584819454
149.35844398327882,21.571236662976368,4273.580739583032,-0.2824607402670583
273.2824384460777,18.871118497567323,5054.022563750339,-0.28494963724269134
172.78086377374086,20.55461294854933,4079.205138062158,0.0751396036691344
169.96806550405975,18.541531251033618,4518.634710216483,0.37045563690178757
199.3251387631033,14.711445355220498,5658.035929682551,-0.24416872999420447
210.44317975023776,10.201649380601122,3937.4511608812554,0.039372247173824704
236.92332899977052,20.85684140594985,4907.481374089408,-0.06022073911785776
126.07390048162863,16.400778958026457,4631.48898323217,0.21142444524378315
217.18091447842306,11.18479922318633,5259.267175515836,-0.07701645608326331
166.15389998470206,23.05838144420434,5824.79961799676,0.18625602382323972
158.03912383886808,18.453938120743928,5265.010745122851,0.19510902542447184
176.0412881077355,19.071705116680914,4114.932020795178,-0.23924132481613417
240.6262911197099,26.781200142854114,4942.391902735733,0.20070657957840485
218.0818012523817,16.77440122697438,5289.116484406732,0.30760731329319385
198.20869804450243,27.82321827907003,2904.2039167282046,0.16438050087504477
204.35235341190855,18.504963247670663,5073.408621228402,-0.3975137829201786
189.01640560812442,21.78556285755873,6182.315235793213,-0.10365404365472948
159.5753198553406,17.491214782077318,5732.321694161659,0.0657502219319369
173.51198981164805,22.56633716556678,5077.662039478432,0.19372899810657784
164.89734530613237,18.361689267011158,4686.313477494274,-0.2927029896264237
214.8060138532288,21.305276360899448,5004.090765313968,-0.046917426675029385
129.23146289747928,17.896773386173205,4725.828386778584,-0.1604554538443238
191.93571441669954,22.020254284072692,6508.948720968424,0.03491556256636779
212.8775195361382,19.627770421169163,3464.983027760767,-0.005302775089843376
203.01151049705132,32.316210562426434,4846.111228175102,0.0603094684667225
198.26441151473784,14.156609811902339,5914.2582516120165,0.15038660653735483
239.55159735215233,15.453062726026305,6122.235448748879,-0.2803702125584562
229.34285469001352,30.952278129049894,4207.57093989545,-0.11325954592055439
204.98256825438207,17.482621729419005,3759.469255147094,0.013712594961205466
146.88481431369476,22.36796215317591,4264.460612612957,0.3099868810035079
160.83733538318813,18.38969241897162,5650.813773895736,-0.24617286328679105
211.37299673020647,26.53571377141214,3714.013412351018,0.036926771706460845
212.99413971242117,23.90911435888655,4010.4394312975346,-0.26409132261685525
226.09707828084487,21.48492336616593,5200.3942802767015,0.06928964189939514
165.99876392107547,21.161268485805017,5234.457978638945,-0.14287028360527357
293.28872555723785,22.36916460455894,4046.957202237881,0.13131072172676594
151.26591648863393,23.93542301871226,5926.876463205923,-0.1641364636703421
248.16880646221608,22.06390463468249,5657.6481279955915,0.3793585965307895
187.73059419985648,16.23131917821255,4288.388456299581,-0.16316205699308767
196.1449145292948,21.70575987408322,5221.352639464015,0.16543664980720477
200.65009459389535,27.267670385786584,4788.274533409635,0.5440338333179238
231.28336738825033,15.714212217918586,4143.2860015511105,0.09649448304863706
188.82686073370746,23.57000247046046,5378.590099658836,-0.014565782531374555
157.66031409657975,12.425763876570677,4642.7880383463835,0.1712797588646945
210.7046872065102,13.77130610644006,5138.544740680945,0.07706347594576736
155.80712818994334,20.76862552972764,5046.5669747568,-0.22859405956612464
217.88936801741417,22.80392263184117,5866.440994540221,0.2107604104069806
131.11653160214544,15.310874800424386,5412.028213766927,0.10275719018244177
225.7523843153024,39.26365745327361,5456.712408554534,0.2271131280361198
247.70008817466012,23.25695625652899,4747.784604287724,0.15179384409865349
161.35873927312142,18.815906966299956,4611.709161736717,0.016374827877264513
315.73292833367543,10.66367403704126,5549.008152299611,-0.32254317423793033
176.40340671052832,25.444752984836832,5051.4240152763705,-0.21554895558586123
164.2348145370016,23.39798874467338,4415.70669462629,0.043291717916394974
202.27859199519068,16.741998261970913,6715.15527146026,0.12678380446360224
98.74287066711965,20.93227157384714,4470.570828185289,0.1704866669592448
160.37396307836497,19.426317792665504,5403.989823184365,0.1731510388340243
139.9851796472112,18.327493820795258,4620.043751071235,-0.1306658465147424
288.27271201405483,22.024908554804778,3991.292836531964,0.18357238941095522
306.10780985063167,25.162326302755734,3784.504027236789,-0.09684681457325028
263.34555745933113,16.461652671906094,5355.055542516982,0.15492681068586736
153.65347642109586,19.702373219691,2406.986127944742,-0.20487752826685798
187.371592430342,13.761084090175753,6305.929043145308,-0.28602827559212657
177.9977756651508,20.653702886430455,6153.018631252892,-0.2871724302358879
258.158187607748,20.051165305097935,4214.793079161639,0.09242069485265415
209.9529847786735,16.998915614206027,5055.841667992016,-0.07706271937235204
205.6758672625624,23.310653372605234,6268.813452916282,-0.24756309976536983
306.65166873281333,10.239561002387491,4878.571923971534,0.1176634412969153
214.04959338675164,16.88650240089703,4833.502199714179,-0.09860018693176657
170.5317621527894,24.248010485105123,5285.612388772038,-0.13858191905213085
244.97999377166252,21.536497604383047,5650.289695071168,0.12592576838472244
158.55024945389638,17.199094799015153,5597.834884098609,0.12207405308669297
198.95492030179258,20.58663691654391,6022.13191663074,-0.11831427776716599
227.3548690585019,18.98903673783053,4825.855037418224,0.21975537039743803
241.27081744940148,24.067548180003193,6044.3830457234635,0.00420076832655181
234.0976485647482,18.44866621703272,5259.333081990753,-0.026028610873536917
204.8497982496359,22.97578512718457,4345.423453413222,0.41847745513709206
149.6991309250149,13.92905693606134,5926.488698800054,0.15833253879258719
231.20599085260775,23.1417275463214,4990.2025817224685,-0.17945087429716633
203.7902279096863,16.61419144243944,5780.095786734201,-0.02941147630042773
158.72514016037442,18.393070791735035,5330.345163420499,-0.11274491056079494
158.88898022167842,21.218436057459563,5195.973256886979,-0.10138863507422596
176.44808471908385,21.16024968678818,3841.5325268021406,-0.28149275487531106
164.07778893737822,18.932764241440765,5248.726052478403,0.2950712433899104
242.88298116010097,19.200307350182864,4984.787033677849,-0.20050587292756178
199.0743432003805,18.55670680539931,5258.174848270472,-0.1654461887104646
225.96732571205862,27.66369456501289,4912.991881234514,0.0803423444197883
234.5071995855556,17.993897640570818,5179.273985448333,0.0025184801563589722
204.8838049274416,16.13495108072267,5019.608139407154,0.09959965824908995
272.5571803897521,24.796354130426035,6722.545966009246,-0.1534695125776099
243.61603183603393,20.91671002869176,6751.842346574138,-0.1616596570710303
158.0139078909612,17.00303677277989,3300.8834205521543,-0.10515100433615221
162.0433669223151,20.75196893238104,5273.404780621728,0.37523416784317726
247.5211919093025,17.115481721687985,4281.268262921314,0.09838383430130115
133.9883396489679,29.15729382927177,5943.552096577029,-0.09383513042094097
114.34327354545613,26.769361870827062,4908.368123797905,0.24756326239469237
120.27861706028165,17.003124885231134,5004.194959774546,0.009396118752948412
177.4967264260378,23.114249661737492,4145.903656493924,-0.0284758970042587
206.01478158559493,22.572194170293745,5569.291902471112,-0.22492841836757385
123.29429146321888,26.388384109492545,5265.851209583673,-0.14969730731131073
277.55759877612616,20.578373171464293,5943.437747251061,0.01350369628202179
303.03739624409934,28.77670421221602,4800.828681216741,0.1943141901908711
232.2687974792574,26.843157787661745,4228.061231535917,0.13721029199968787
252.92122434247938,11.206302567884428,4053.39318986738,-0.40784643555202016
186.5296582777721,23.58771127897981,6201.885641676822,0.014818956083955039
281.4307772785646,13.099492708925542,3637.294048515876,-0.011109539779323756
219.20327244696537,19.836526259529535,3346.046319968099,-0.01782400790255768
134.77652497475734,23.348362744150194,5293.278596877479,-0.18797595726547106
174.30665413316532,14.703932390555241,4949.856722181463,0.19102846410024765
150.71369768322282,22.520232577589223,4575.793905302047,-0.15857456645246884
194.64848200227212,14.823788387903129,4557.080555722255,-0.2395755785177697
298.2362566458195,20.176317759858645,4440.219593605932,0.04279598214684441
194.38359751545852,18.895152002333884,5491.3333600347405,0.15150154200946103
173.47494261947364,17.1209087967766,4779.958642278685,-0.460384232947117
124.24044689007239,26.834371337222624,6315.974170801027,-0.049807207911275665
228.8278481527883,21.556250772717682,7463.10464676419,0.22391498228691536
193.60412042596167,15.222297796997871,3714.842943793942,0.040692727173444625
162.18246273578484,12.88873145201163,4482.741692605979,-0.216309600722879
284.3570817536282,24.408198784747253,4993.621886946706,0.29598882777800517
203.8684153823809,15.693578993358681,6218.499261815726,0.10778200873693174
148.13769228367718,19.04830660958196,4299.505397292194,-0.2765599461928672
246.30887737658207,29.547083202350652,3881.145940944687,0.11259384733811417
167.46787154390864,17.56437308117652,4526.084860608905,-0.1727981539359632
202.42608139724135,15.84524941794481,5216.365460623871,-0.010047621889827392
188.05259765667952,15.462181689792011,4538.582935545333,0.15107824516515123
225.04585938121903,15.112223776007244,5079.465844343381,0.1502774246743578
116.52973594393141,22.716800961899676,4469.9009928433225,0.11411973371863188
161.83704217287416,10.975589496677404,3697.96604969347,0.0096169893322764
212.98612508607408,15.478416874477958,5510.873967021899,-0.332304012453792
196.69601006763418,13.944919001187717,4478.531113758273,0.009479734263282804
156.9793317358024,18.077222278850872,5805.034247371553,-0.11537837390462975
241.7846056032571,14.35146572671191,5423.843342332226,0.2883137241315801
76.41777499363553,16.015523722647615,5461.657701744432,-0.04060907720859854
218.55729366856545,16.980074066420897,5069.27182997832,-0.031135447078415895
258.38910308299035,21.272104216506065,5270.082129660162,-0.08237539322449348
175.61968879637533,17.837209060901895,5315.561713902637,-0.0841968961640526
214.48874284482065,30.377003993227195,5696.899762745354,-0.06520470643356822
260.06069610819725,17.959623134892244,3369.500371857717,-0.20161726218348083
106.46040394870721,18.24243257979346,5014.734703351642,0.3352874624550566
216.34636868820814,18.90449735595568,5663.524464946791,-0.44222706180157706
211.7807279054283,23.854325969434832,3817.1310033761265,0.22875080864138583
216.9248203747207,17.923560430495993,5506.225492885028,0.4541385715608792
209.09331275292476,21.24110293150168,4632.511280367805,-0.16996887389295837
241.51679082721228,15.719580870455664,5057.252989775514,-0.09553148935302334
223.9489912873196,21.66831052643474,5830.031955406319,-0.10200327977094942
186.50625323533143,15.106181421088463,4644.565391939111,0.07546009860897045
237.8494308322676,15.389173379111874,5695.684736084528,0.27112757176099017
220.67174516118504,29.38397906279033,4380.968640717141,-0.2489309406622834
111.06398755478607,27.480221557445915,5523.492525083246,-0.011116934182091014
213.998431315991,14.372554763508116,6956.601583693461,0.025844236395045503
205.46973973024464,23.62883311949346,5384.80738538937,0.044776804855826274
160.4762772277344,22.357341785679978,6505.619597180027,0.26908400923099557
279.65933133196984,17.443921617844076,4208.316143793136,-0.025157384019929632
202.78624561443473,25.470957592354743,3646.0282962281444,0.3059100638921228
192.09960507105052,17.8655946502629,4190.316499791866,-0.3309713343731539
241.15852919809572,20.36658983594202,3968.0312802071567,-0.25901575441272323
183.21076503549358,28.345107626446964,4792.326918909116,-0.30062859062362124
187.71284679570277,18.636382151261646,2842.490685646743,-0.010858973303562442
188.4532734895661,23.48103182406709,6479.164875956276,0.2253130059095515
186.55556547225848,14.467370456291649,7058.687842599888,0.011843686802897652
200.6964645956473,19.879374564449982,5158.467808614284,-0.028872082384788497
171.31689965598818,17.26570529379804,4973.797383827201,-0.108684954226753
164.3577108661418,20.532151138459483,4796.0182260633155,0.3007985977165377
67.45150958034941,25.45753425961231,5996.8681539981035,-0.4146780464816299
182.86562029598255,18.142795670021044,3873.990644225743,-0.15556333751817508
144.47120772670857,28.761352217118116,5748.542714517969,0.25431101899883174
236.08360320216175,14.354741143913854,4580.383786976181,0.09787491224558362
138.89360955540275,23.56499215086194,4807.739681473492,-0.07496416150991951
235.54799841017456,22.2213165574302,4711.2270673447365,0.23186596067284962
145.94683362000512,23.07967803472132,5474.481006374707,-0.06190928786279806
216.3066511121059,13.744432118073485,5739.221615365521,-0.03698042728859781
173.86384897404804,25.245046129184445,4436.525047565792,-0.28169225927271196
122.16854132380482,23.030049756728197,3975.656518002974,0.350958836396873
95.9035296058139,28.48228184145019,5168.813973762095,-0.01934262237407848
172.7540456595525,21.995680571760353,4969.892238060122,0.2206603764033043
205.711382433102,20.75150880730939,4709.1102302289155,-0.011389124744213492
215.39008844460295,11.449158036716872,3921.4516623154295,0.148652818804543
208.54327190639708,19.080083318236603,5014.747146452314,0.06951634107233422
173.01201598453193,16.108476372988438,5156.676204078145,-0.19567455552300642
220.4126377857236,11.487081978810798,5823.324509860515,0.0945194964826086
212.80148671569378,24.91345491972757,6332.379555570062,0.2028740130036261
107.95628843341774,13.602115166321493,4500.145137843457,0.005218210042166757
225.88295102345614,16.371280934232672,5149.413411581662,-0.15107658647066452
169.4241098504026,12.966694515758888,4261.413403111276,-0.27033692112326674
151.20633735113336,25.268208983039198,4240.480888934446,0.5264764129674782
224.66589504404448,20.92418061847437,4313.313775855029,0.14006197588179828
171.2181086881113,20.610049073226808,7048.067630615036,-0.019211979944929975
257.4636663142838,16.48411787437056,4972.00920760243,0.354160127127102
168.65164711061163,29.062242789984644,5566.20154836438,-0.11249335517885353
231.62038695277604,24.86277224813365,5497.447969773757,-0.3140449439780913
163.64314120875656,18.762406822242475,4940.453256719963,0.1241344195101356
208.88505004666268,13.323278206449494,5304.158280804771,0.12211714905676463
227.989522396552,25.403903627773108,5667.137723639124,0.09183601584568735
196.49171442706765,11.695195332420043,5343.694575306069,0.04153753743262223
213.57894185976866,13.616257120898453,4135.15476767339,0.21063057066658072
198.02224230716726,23.40750348686312,5022.654700904369,0.005951227899149038
246.9141902987999,17.41977635891313,5076.896621552787,-0.0924550577410085
178.27518862838423,18.454139382656802,5177.707017306971,-0.09574972433269546
262.78780627867604,15.526963488902481,4850.5026846709125,-0.08794621165483499
272.3488942176866,20.982773882557872,5825.475631574908,-0.2971120746073944
213.35251329346295,24.448153978117183,5065.82719142034,0.21309607501307026
174.1355774949814,27.0467372009279,6839.1184988954,-0.07256771208793182
177.7248739299614,27.266922385588504,6263.65771658457,-0.10457200543065366
178.99065914520713,18.591076955697464,3924.4395911725783,-0.18373038929683966
149.7929616623966,16.161012174479357,4972.252090090575,0.04684294650730415
277.52502464070386,15.008229796306045,5787.457918781267,-0.042797768845101794
197.52681451737834,23.37409746083302,4101.822382750161,0.07648194923681012
208.3226104106528,22.462256320040744,5231.334915126255,0.49106002798217885
168.1130007874342,17.345015224990913,4501.4875788601885,-0.11109542383205094
168.13064363467413,25.94508265553776,6136.4033983918835,-0.11414925874989526
158.38222134478855,22.35707778193202,4558.221564575223,0.12658636355110217
210.14615104256498,12.42127942501384,6238.004161064049,0.35917553461910434
169.36056547578067,18.061492200320078,5228.692312579924,0.066891357997405
232.92721363364151,30.051022693831747,4858.44221800476,-0.15965944890769077
131.03403859927363,16.345349800290403,4973.498421700962,0.35891157270355756
174.11943504819143,21.118939758194493,4986.8616831417985,0.2376786546896168
326.3466212936811,17.345656135398396,4608.448445985422,0.2088321754138144
234.09457448131556,29.23353662868017,5467.142548260771,-0.07185841815741191
229.53274153461547,25.543517902914537,5656.385744957891,0.10145480622145955
253.3337344794577,25.846477952228362,6105.7271928300215,0.12974197751792854
191.64409598415727,20.733568432166614,5965.207173206685,-0.16338713419744721
218.43366544364505,18.033305938363196,5022.995858347854,0.25569037252145976
209.55495340099517,20.232182740780743,3912.1150872160647,0.14925071320544414
232.27420905705378,30.8162736165273,4753.7774120376,0.043830065532787794
212.46918418553776,27.887266398817374,4923.763574090438,0.05580430515406785
230.39482548582697,20.93304561578179,4642.853108359577,0.03881799857966152
253.6815874929886,14.8674235029447,5106.375739317501,-0.14002416298783465
259.7523314462421,12.384065476081126,4552.86252218273,0.07544237501290418
278.27620146171705,19.67124869463506,4555.840378645441,0.37623141388811804
127.5993049791878,9.005970216899591,5352.011560042666,-0.10041084487052224
148.93835914346434,23.541782236496765,5195.040571016959,-0.11281572614734568
135.9847800664553,24.362286641400722,5520.160942366929,-0.01983517275587658
292.3318498023833,14.649576168369236,3779.579863260209,-0.1383816139762489
197.7206991822251,21.21669724661346,4807.011153714936,0.07041107930285936
137.4230287904778,27.218823020366298,4934.279057285945,0.22345916631762552
217.13626731888522,22.283766095768918,5455.813824185763,0.089541712003463
232.1361379933772,26.645762650662157,5157.2169357611765,0.14180075151770247
195.51321528563867,27.200586077247365,4458.886158352584,0.36018808658216317
197.99210246778284,12.84612448940976,5102.483531928631,-0.13621033149497616
242.0321774494362,16.736880103488044,4643.0532534281765,-0.37790814618910623
177.38468403754615,7.880603366855217,3732.8777412114214,0.1520829312288595
239.2900079325416,22.127287808924823,4226.419085496629,-0.009542271228395972
199.81987304547158,14.208176554037287,6202.71864141372,0.1754724581151343
188.95179130851682,20.134429194972654,5166.706246358042,-0.40834697368485817
187.64113087397016,16.590078760011007,4198.703992084068,-0.05622005857719098
289.88432634247613,23.20421430633505,4543.056808173763,0.11451655627123172
269.9677718293001,24.623168414563843,5047.70429593614,-0.12938735554111477
234.9111656806795,21.967426927108747,5716.154576022186,0.1270343603363939
252.47763576596677,17.32382394219716,6053.9152525074605,0.03951992093847993
303.76304363126326,16.55406090955216,6388.771042532199,0.03958215669252956
167.42909981927758,17.58057082972839,4743.722153444543,0.08483318928038329
226.14177440177497,17.131499980307105,4980.516326191214,0.42845407172237276
286.3771585050356,22.18161834837016,5030.40278253456,0.024006265343652262
230.67589863652083,14.886037174007972,4794.098770061324,-0.3337168147755179
219.96115613026396,23.235979698513706,4613.450830160501,0.31479735265800657
138.71171684988295,12.6781255989509,5179.561454847978,0.2094196605224309
284.1963845728934,17.7055786856553,5862.944666745037,-0.007701693900141442
191.36863500295902,24.41829968743336,5521.858302730736,-0.3152784313968499
273.8270174862948,26.900456770737257,4499.549838792376,0.07916070668748182
224.70150931413696,21.303368829119535,4559.755876923664,-0.13432467358761033
198.72229645042773,25.86364509629682,5434.880123675546,-0.0741228664172212
238.58493553241723,5.757286896849623,5919.012560297682,-0.34794275575561995
181.8779529298434,14.40165052686928,3964.2548194232754,0.23216535747570388
176.61493993440544,21.73251940865358,4962.463536896653,0.0954081654446243
203.84109455301277,13.585038879057151,5797.013455557712,-0.0987513166322625
122.17090506701244,17.859424195170437,6200.607832507449,0.17004434842269858
182.56739327960705,18.253711478407855,4742.691959026094,0.4153495967121682
219.09677261157768,22.150208235955347,5824.226763225473,0.04775783180530271
187.04789270896484,19.01825075457511,4942.718992468749,-0.007444447301968318
236.381477181849,20.259729429036497,5586.112061772464,-0.016143316021716463
203.93175951580454,10.008996577339461,5733.062139761985,0.06929769517959854
249.9005054929826,5.518723109031553,6670.699763824582,-0.027917925631034752
255.40914083687582,14.800470364372345,5490.219124050056,-0.21068311263473125
168.81155196520973,29.57015676933393,4847.454079389323,0.043486574635944575
243.5033865344377,22.47840943986302,5120.335124114861,0.07299220049324509
320.17077926191376,19.711906014832074,5160.879237371974,0.2101308792015224
255.2762966478992,25.9351515278019,5510.984177623348,-0.22860098254609673
281.6715766150548,14.26827303490656,5242.108372191226,-0.1508551700038716
196.79308267035037,21.6438120515174,5257.0857723602185,0.08438415084705696
280.68556345293234,22.2676715075699,4804.674691767481,0.19281743365767146
259.47352444623203,13.861960924315039,5477.920055879887,0.14023454846217967
185.1218248320004,26.878534066558096,4879.955530373979,0.025115290694308453
191.34640878580652,20.077895237907338,4122.979930483839,-0.2880101765188589
279.7252531612486,15.765193258408361,4206.886120434954,-0.43067802272074296
168.05191261552488,13.38455103296251,6313.6121281090955,0.20196341786852684
165.59248274111383,31.262179026721544,5785.412389593275,-0.06496627670172449
75.02971425632134,31.45471286295371,3888.342026589123,-0.3290797493913784
251.128521600482,32.19876203169636,6107.4182548084145,0.11278182401047193
229.7377170832643,24.26707779390154,5607.142871829412,0.05623828479387516
205.21005519759382,19.687034360502388,4396.8283289066585,-0.056135015373354816
115.35215929023073,19.50830186602625,4209.127114279266,-0.2207178634431542
208.99470755767393,26.960011431722997,5734.6532848018505,-0.31410012072463545
150.51859317148313,24.70385593994108,4214.010085169352,-0.04492662999940492
227.5026049512276,15.158277725681824,5084.300404916768,-0.2668050989836409
169.93161780243932,21.598909670712686,3725.6050131746642,0.08809494759207981
199.01811005366594,22.762449772085738,5179.13130725173,0.2728280859947689
52.50449005295815,182.82377835498988,2061.148751516142,1.271649014518194
50.977201406514084,201.6236676481553,1649.0041560966224,0.6685495412245259
21.94789456400613,269.9830697274776,1378.0683823043573,0.6535474011020463
35.63185468861605,235.79697507777766,1852.525160853986,1.623871036336867
36.530187515122634,211.15976648895207,1582.3264733701212,2.072574563886694
26.248031619409744,212.3928284090811,2316.8884404660494,1.2068995487257492
46.294246822445835,194.80717201066295,2021.9057359895548,0.9264989991857557
69.27758233589819,288.4209200636541,1721.2541074960832,0.3150985102104611
48.2343590329749,303.18837350617275,1598.1627160151347,1.8195584027220337
83.55401628152882,177.8564703316802,2284.4915395926378,1.814198311564269
42.417445180250255,191.85678559590554,1709.1595430256782,0.49262163465356656
37.01444909867986,151.04238932950975,2017.0417341296131,0.6150133844706791
54.675718235814955,137.76417415185492,2165.4401161072287,1.4167644808044624
10.12528714857089,214.96226279390288,2613.8344962366464,0.3951794906543973
83.45144773675406,216.76076037464182,1647.4940721207956,0.972115461171147
61.16653825043445,203.04021565649646,2269.3779962231847,0.5396632034603168
53.38721648072156,143.4514201238008,1944.38696932565,0.5480461792676051
35.28940114820467,249.4437270084175,2545.6550602971347,1.3045690604535884
28.15374470654842,187.34366201220791,2606.548849989592,1.0708584568199524
96.3865907996339,215.73271357577488,2096.0245582450157,0.8454417678987494
52.67081809564564,193.90120654477823,2354.054338344295,1.4783511583972921
34.28021078984101,146.75068185768887,1081.8973134483517,1.253995663456272
27.93266787652253,113.88437628190069,2194.289302265482,2.2464997587163955
49.878581769202135,233.53963097806567,2040.9146792737824,0.9505551734044286
68.38152965975537,188.38901823245394,2133.6961570359513,1.1608489030980067
36.63819092713902,239.6816939814609,1912.5201216522958,0.6221274202535776
60.73019687140807,164.0612807283585,2014.0905786845642,0.9954405016778982
71.71791131663156,218.9879293151981,1987.486520627428,1.4088831496001435
77.80415098034626,222.3124122540745,2005.1763099216903,0.3440818838249202
28.69772673849255,187.79101182581329,1695.2438989203583,0.906514348507277
51.13299849794214,221.18771017426923,1964.7506109704543,1.2432508219131009
51.28948829620241,120.98133734584515,1530.3323030906229,0.9279562221391923
25.80610514317785,223.9971491998482,2765.375416171849,1.6093809258486584
45.731142581395844,259.6290454739981,2074.3337286010556,0.8314570144409803
37.7319467291812,187.90121254047486,1805.9115907293856,1.0852081111877439
53.211479620997295,200.1218408061366,2218.469084873175,1.5953231373931707
68.99108270882647,140.60408126200386,723.0394325490226,1.4671599556196369
22.662426031691577,191.00938392429265,1414.9434869703202,0.09900978120999016
60.82925456409576,230.36620641210587,1711.7447996366402,-0.29552114607245494
39.075111034950346,215.67216021610187,1260.5442156129357,1.0916799598895779
49.69380301654009,223.17165998404354,2059.7901842070764,0.5134655295592223
73.93143003328983,193.6588170789212,1986.347730245034,0.533366020463402
41.134354976169796,164.60789143892396,1913.5269700382885,1.8558542400711717
22.56197714137287,135.45754408493036,2735.585163746804,0.895338161424067
36.61854522680167,241.59618749584305,1697.192230131568,1.913004856773468
63.558517426785386,180.4835436741719,3078.654106632752,0.6971425384983307
64.84190744018613,211.97170321625967,2650.8706446993992,1.7807555983634265
50.64008298131533,169.86328518615267,2229.9860714695583,0.6611423151239469
90.26774495053246,205.4614132433095,1817.3392243439457,1.0923401529324541
23.05747420940607,161.13543845957395,2600.2069539722124,0.6715528605143022
29.061780346361207,221.46611010109143,2592.8520773314985,1.3594766553325335
69.92095371611633,169.72819645722157,1289.0946666290781,1.7506668259777434
43.546403223157284,189.9666793417981,2664.097070924529,1.27811500470033
59.117755441632156,286.6000937960433,1678.2408848099285,1.4639200640406185
51.14026249794169,210.74369115453027,2764.234213206266,1.253917878144812
60.76592158099266,242.90029349239208,1817.5236352285574,0.5803951663304968
29.103816119579328,121.34573642495992,3028.103564970161,0.44839581713915844
45.57492752828456,188.92746800444317,2153.7033489045502,1.4078686062696484
67.2094697671949,176.67690245724248,1916.4391431067943,1.1412899752441499
45.02617747632906,264.2938230407997,2245.487475819126,1.3674388930249086
63.257625373348255,246.938954299413,2090.5107793518537,0.3515840260220767
57.99375903505283,173.94572424832683,1735.6916591251215,1.2931820093775466
74.76566142867271,200.85086306944245,2154.416506299482,1.851107472317619
54.81506358977136,304.0673245672158,2282.754822815772,0.11961862042209115
65.06683242209066,215.24633539531112,2644.876377041373,1.3365906756349792
47.23088032032452,151.02807054842538,1895.4883713569873,0.5747397728953499
38.389531003905546,223.5431361768244,2834.952252175703,1.1973357649114906
26.082338759296313,217.78410672880563,2598.3157433228257,0.695108547840309
47.31965666654165,200.5875277891679,1607.55084345888,1.3241402169219296
47.58103702784437,216.7812977562811,1556.25391109895,0.7812708498382948
64.44762715655543,185.08667391632932,2863.4819256167025,0.8001819071926988
54.49369451503772,237.30363327492358,1290.8171335334841,0.11959559400961206
19.486873708598104,250.5033641370873,1724.0709270537766,2.279099642834126
38.71504802685223,207.38205212788148,2771.054976283938,2.0030464440795615
91.23007153272795,248.3346492237257,2512.031262905731,1.2962634746005914
65.56722152333276,177.95257134685866,1590.9005582888465,0.998312771294524
46.59630754950143,181.870878026909,2348.193723728358,1.4776526042852554
51.768137725836944,259.1012032422105,1429.1554429332475,0.903170270360141
35.6635535879439,125.3385353170776,1958.6596570786503,0.9391262458083582
80.26899486484263,225.2324673821911,1487.9065878353977,1.927046283167094
74.42067391050706,223.28390813874464,1886.7579505750841,0.5202803816382602
42.55586447857894,243.54994478816744,2942.2931529673046,1.7716217641360945
40.223011564274515,155.21530266843956,2070.443123455602,0.11578031721857418
56.46335428369563,194.09589654805325,1766.9817490658788,0.20264846636660228
60.27200213139433,178.69196641352355,1415.041582144856,-0.43613110664082466
49.44970189898727,270.8900638667898,2830.629607273935,0.7714518717068641
37.955758792764385,218.75097024300095,1500.8072804058543,1.1508959499097329
65.32160556769381,249.0773289553723,1949.9229617600236,0.8981631249115171
32.440348264868774,166.9247858384056,1886.7605540492366,1.183682753408089
68.27169252466499,167.8728419727862,2746.344284479761,0.8644381994787156
49.57265411303128,170.11153283408706,787.8798698635292,1.4420226981805249
64.73687794184866,188.74689771527147,2033.495358612436,1.2579696088520498
18.749082862269148,178.8378929061482,2397.1323398109134,0.3728552884153753
55.871158643332585,145.7367278150638,2233.2149912167633,0.9821792588512582
17.69736368188981,246.58957417828685,1632.7042116009754,0.5948737814928096
54.011383944618856,245.9454939771486,1492.0890905108015,1.030839924923986
58.57633000661146,227.72422429052577,2088.2207776386126,0.8164860804583388
33.44819558702561,203.445755321855,1463.9304940071966,-0.4606752417473037
58.73119608315336,236.15739364344782,818.5337822290808,0.49513464764503123
62.38308522010396,282.299818788468,2010.396853837704,0.6359985293854328
46.34207117790319,254.9950567659274,1677.0179104377323,0.6004039966748732
40.34512955635935,161.8668556696515,2061.335157997398,1.8123392292347802
56.461585462320585,189.9058599149485,1854.094365542228,0.21840459565167147
67.66219554294318,196.88651211948792,1909.7600432046872,2.59655378392243
55.975058167313726,169.92835799619263,1786.8212018972283,1.5742228545983774
52.26540821075529,142.46888086730533,2459.6144672876017,0.665927957230503
87.4659555243509,243.20192262858595,1776.3390521706244,1.6405081808675566
51.357110210548065,234.11094700488877,2242.366408647237,0.5768216725045632
37.12900335365076,241.19843270324645,1832.6123339467294,0.7981757683790016
30.89754841301294,216.94396262373846,3031.262459621573,0.46623354287286356
50.48438913345516,256.48882221661717,1960.1793043771424,1.226185898124867
28.752129437062408,217.13228388830595,1906.4278674977256,1.4928649978399315
73.74772103129501,303.58254568074454,2289.816586606788,1.1628981582910831
53.88768603154672,185.87334828757247,2169.2419217308457,0.8522992949304853
53.36921952539229,252.7039014243184,1496.7287173601794,1.5699392805645227
76.34230134679731,195.27725892035684,939.0725504957027,0.6960890064527838
75.93989093122218,199.08527750804473,1500.3488838525445,0.7476125393858912
66.81240053009105,221.8693427280552,1880.533950415153,0.8165877940926562
42.16483701912356,163.10359262005989,2807.687844734721,0.83883976539433
74.34317041650993,260.85264207689806,2499.15544907398,0.7841898436409758
58.07460180673219,199.03217574436334,1548.149069634936,1.1621796408608014
26.41920417680395,247.50717553846255,1767.6913513508034,1.1005798279364196
55.665757430922845,189.6438010518369,2293.3469007376375,0.7625481716887378
67.42594594914488,146.16081279013005,2063.189789773206,1.9694644995291424
29.993373507888506,172.89020117900594,2256.9539248294577,1.089790890969799
57.012601985471186,219.56748520590654,2317.360734280885,1.5548499209781115
58.19637313857025,190.3496938152583,2336.2868506013656,1.9499409674476078
47.34732507234853,161.01882781317434,2553.5403346434864,0.9398094180232008
6.546609079719275,233.89686708601687,1732.3359070230385,0.9547333588479197
56.63960661138029,207.61998719116266,2354.7259085695196,0.7822568147150784
60.26211596352165,189.61813289664332,2369.4052404437516,1.3076837420065268
31.291225959108093,243.43928464700127,1732.018277442976,1.4040288991405725
57.345746268026815,273.5273470718049,1888.267008814074,0.8253416019409012
49.611607882245345,187.87280868662899,2399.970950971025,0.19184469578170604
28.926351617072918,157.28788313683228,2475.153795986788,1.8553066862909626
47.91101562925057,193.24713107239958,2035.0260815565907,1.5809391513040953
31.452937316188518,209.5347593093914,2487.5988148912147,1.2505470849699227
53.79163233197487,240.04184370268564,648.3838535003815,1.3389376597654539
36.918486337451526,126.77468412574173,2255.6012997624903,1.6868292725814789
47.251029707446165,238.11498188811754,2806.1391289943226,1.6574572267920238
82.79929058742786,229.68509964287568,2037.7168194507965,0.19901709405141577
45.078750237401024,166.27013618735234,3085.471358748907,0.9120570937838317
52.464096135689715,222.0594150416187,2021.801223186227,1.8475255202153766
37.54701276531096,207.78429820948972,1628.764707150976,0.3399887443896471
37.76461818189429,198.51852811806353,1785.34888774137,0.653789510063072
21.873650726563323,196.6757770948522,1247.6398129844988,1.3800279818448014
51.64879505869006,141.6979400214028,1845.3954614750683,0.6239217972047084
56.383490208383606,253.61801784092577,1062.4137651771277,1.0575130395737087
46.797344088667195,226.85360305801862,2106.5983141188444,0.6240153341305905
43.618921286667636,168.15896572786045,2538.003569299299,1.0106558243359711
652.0952548602406,39.39339186185379,7149.911879707444,4.486285607387173
355.7488258995244,24.158640569945103,8320.55198121378,6.508725023229934
373.5047438374293,48.950383140761154,7420.326737979873,6.146793011985549
628.977650260434,48.96839315865532,7677.763222513001,5.1088077745847125
327.8547678936556,32.8084668075758,7746.643713406766,5.012820472848816
489.4994426326156,40.768518829587684,7730.172821830306,5.349997419176541
513.4923737573382,44.41940649569409,6691.521107068585,7.41093237974627
492.1129494172591,40.188496229448475,8849.857307907869,6.233216131263502
576.2509307130596,42.87124165201824,7265.075150431475,6.361503525206102
408.50190341434705,41.085597057765234,7960.124011226647,5.79188314272746
489.7169990848855,21.18150954502361,7341.530110710846,6.092844901141115
512.788511359792,29.72324859074042,9518.84940903764,5.1338251517855
577.5565760421389,44.27194361871685,7224.527228187437,7.775310892609512
404.5090534594816,49.191541736100014,9200.698781651574,5.329379790923355
611.3972240051463,37.49953485401047,8346.432355135828,6.260321838771221
489.25530068235616,48.10808273159782,8952.186464662656,4.2514680267618195
604.3472194302522,23.375080119643258,9239.05544520999,7.126705136827583
412.72268558278415,35.891857120454155,6673.1543978168775,5.785078969711265
475.3572572651407,47.796605322693395,9572.37049534353,7.395683810789956
455.02655787373584,37.90778126255472,5979.87416933486,5.194129933503811
577.1881306477966,56.15582823548232,6518.781353744093,5.407535740847106
497.88753944328585,42.80161158819607,7028.475776094025,6.424061044464089
462.0928522343267,39.855477291217206,8655.54109760444,6.006422269810938
465.0891287578745,38.90390196074169,7893.964448953598,5.629988970117872
479.2963149866318,55.986471705047165,8673.103337529486,5.704519681970839
555.7563523608588,36.6618051024399,9407.74956510397,6.369642192198094
491.4158284796617,44.477169258102776,6114.948617517801,4.873232531090195
404.48599948807555,41.429430947637066,10079.017999382111,8.231300146192632
551.0440881152606,45.00844474944457,5838.730719016714,5.457326200265978
436.9772998473409,33.79152401748884,7798.227417698253,5.527909422302873
341.65601516993695,47.47910256117534,6712.7083691122325,6.239246864111149
665.9266135799978,30.806154084135766,4963.654972704404,5.713995778119889
588.0767707998857,59.583474542205934,6524.5404866571,6.496699223236522
462.77516345759574,38.94051645695864,11173.212016420443,4.497029671604847
520.2991729195659,44.676931717654334,9302.943589927218,6.097983153470896
524.6440431603282,36.08351432578209,8322.952329494128,5.656807724502589
549.7257511884841,36.30389663956366,8452.520472682623,5.970737186315022
590.0840200617735,39.48606276411514,5872.361038151743,7.261921500713992
427.54141593099047,33.4623366135118,7285.20644714781,7.374438093170817
329.1460628817043,71.37748533659993,9267.268170879262,6.223238914129159
495.6084799506971,42.85554074857657,8625.346914055206,6.645215585950057
544.4483572802759,40.895806812552486,7763.193895631209,5.848726716346488
484.40733757178555,51.337700968670646,8712.268066737035,3.0596113653357198
552.4720621223809,41.94736194718775,7977.549492264923,5.611481546911114
589.929017598881,49.475264621228575,7072.546798611669,6.407052287124535
422.2674612366971,26.203818352110694,7247.939330492041,6.862393472382759
576.2500036300869,45.130854200972934,8870.114944217596,6.5161782871149585
448.6814723821638,44.31922544673941,8960.49143027322,6.754291329813574
595.1130697179715,47.083038472010635,8421.7378490499,7.070150238316428
497.8782992600752,31.18125348772282,7804.319643267483,5.255097355193551
445.98573800204946,38.55481329284482,7049.096094800047,5.69203847036096
348.51082664369716,42.13293707372939,8001.446570434669,5.182911368931809
552.7396534745924,49.37570137626558,6070.928162757231,5.237275221433785
438.46861201701614,30.600968988911355,8995.369810318098,5.8061738612271965
478.83881269515115,19.961376355932465,8762.501636251072,4.760741605146528
504.7946104213063,42.773769379581914,9632.790315006381,4.691179600880888
258.43902753433395,41.83849544753695,10160.613417813023,7.238946352939437
516.7727532219701,35.08363814367953,8968.547115964773,5.026453800295531
538.1086215484976,45.054701591666266,9272.251888998655,8.759660038911077
531.3932773743013,34.910363742925014,7969.310825369606,4.230924095110882
444.42294951287533,35.90717561886896,7371.093922478489,6.152354872033722
434.20640540942395,51.210306673244716,8000.248477901837,5.990699678861386
473.76842267896654,41.551906838589794,8990.117917601161,5.1328697842891
447.35068087397946,36.96273971223335,6384.954891832142,5.180742140278502
461.90233011642727,48.74389180712728,8315.07359480231,6.193589911367544
568.0718369734377,38.62628211600603,8468.557819914668,5.896778247067504
521.2289879519702,34.17241342388418,5073.419410068285,5.865720837813696
613.8198508879952,49.26215402241593,9158.476981509404,7.236130721806218
507.092607276915,41.973157074055955,7258.81772547878,5.683927143972951
549.2616919816913,52.038844371688164,7832.6644691828005,5.549810735148588
500.0422367085278,46.01206748929115,6267.37422063975,3.703819046862762
455.9570520406733,27.792875740858413,7390.231762823227,5.852219681182529
463.7401272781589,54.524675344707454,8392.093717522785,6.300474359610829
549.7765715234722,28.611668822192307,9246.934144904322,5.92423571346454
553.638449379297,29.281427669598443,6135.489480780723,6.817889658025028
530.1127620878013,30.979484456424895,6956.404302470367,7.12543478441477
404.84704857061377,56.426729532559634,6919.255118422558,6.638391925608383
473.7105219400812,46.03187431082343,7347.063197462969,5.837207093927706
503.2735340316577,29.978125442185274,8888.98921450415,5.486786433528414
481.71200677279853,30.056506253914876,4925.199609445627,5.808972237399831
693.0092337290332,47.84604287898024,7976.887544318726,5.737109170791732
501.7972714249637,45.4711911517521,6583.024621629386,7.114321694668872
557.2305052352996,47.18185725707934,8526.170886571672,6.01961665769399
553.8288988773456,45.91814133741378,7575.151146870771,5.426398227103099
508.14850362095893,55.49020151495188,6513.071509215319,4.53247473424756
513.1808672989214,40.50887701856018,8208.00999724449,6.243953197908501
482.1438196292156,54.898634386020824,6078.915225828181,5.171502975219754
491.73961918807623,23.568111888458326,7788.974714681514,7.661470165728018
501.67091906367693,42.30700905718683,6487.802281792903,5.383638591960523
469.98428957408504,36.82284903243766,9537.972554004522,6.557691060725125
411.08336344503743,42.46504778432005,8597.866098196142,7.140149038521266
626.4432549254699,29.849058081721314,7026.970986547594,4.742422141085384
481.2784112714415,44.663583744463345,9184.801419906922,5.9240489763574775
474.4121981396125,41.51757992248741,6997.8285180439725,8.089538721694773
371.3871178305553,41.847405788957246,10428.327463075568,6.006799844559998
484.79687719988044,36.42554577189573,7783.529981885111,7.37284847467653
323.05104709363945,55.33433701296325,6291.251417059826,5.7333476707655855
465.6604463761071,45.8855326977072,6082.250777739503,6.462172666081943
661.9447698629482,26.368259954071895,8227.647401132475,5.3380178222033905
534.0709764954429,40.19147777415752,7230.215709146829,6.487872284871074
644.3478487829394,38.09096208272701,8863.709530577818,4.706727042128836
423.4850898545593,44.72406277880377,9780.939234243158,6.35561334878566
474.9553575581476,39.99291405423354,6499.510719236339,6.604515326355367
570.5866449858727,35.4790966716692,7435.949422688598,6.265878229652048
465.0624211167524,39.338673853741774,10519.666146999818,5.752974299254003
471.33278783830224,33.52458194364841,8893.030365799925,5.818775826781897
448.05015693428595,53.21304032273012,9703.523605416365,5.399576434261295
350.6768038911507,50.07513689836922,7178.444209087995,6.790625599162769
342.39169458305315,48.92597338299309,6546.593684863063,6.730764119066524
501.14184542691476,30.460605806033552,7511.556424487863,6.686318456956701
508.47155624921874,45.844129804724844,10371.728701418582,4.435758388288948
629.37700599749,41.04355937523213,6921.459142012246,4.66968637426101
484.87036873783734,49.2165011192446,7846.9410555469585,7.511154930247347
383.90594479587526,39.87911052153945,6497.127866704257,6.363631882624968
570.950991207784,35.792382063189464,4874.943372047439,6.198948146796495
534.9390841386808,44.042947549616976,9482.938630186585,4.928946320350951
554.417288436036,51.92507512477975,5865.69489919218,6.319651825918977
459.6656135193863,39.18477326898354,8417.211780246003,5.512771435886448
445.94335366707105,40.34152417488025,6695.304873364637,4.914174871114815
554.3498626365202,28.51205964841344,8799.575001091054,6.4625912928539515
361.93546169675227,33.22435347664345,9432.931283656846,5.018834468860319
462.847659015249,44.62060893251896,8940.068611139115,5.748461113955504
452.19918442466866,54.223698616985075,10086.679596557095,6.978858050781795
506.82545140520193,31.917342783590737,7003.466712132122,6.522514105265757
533.4718576710947,54.01598592946429,8780.540111043367,4.496919698240182
584.1558094178334,30.01939372685587,7539.234473657178,6.250200206251694
659.6533991827172,71.09918556005361,8728.067670963419,5.8168033812796125
542.760451878444,48.87655425873836,7615.19884933137,7.795211355912322
518.4056607353122,44.97743089091394,8799.109102465354,6.4215866106144555
567.115240037569,33.82746813453077,7330.037895264763,4.899845767028305
535.1600984496181,47.78936503512114,8549.327439382263,7.674492433347537
499.5523184936763,46.687416555925125,6689.958948632822,5.612900297525599
555.6430206052622,48.491021107431436,7647.239662802981,5.928400748141933
378.57010026553525,36.42970799193391,9068.459796223744,6.575205016106566
540.0532577104967,40.4977368718096,8008.475790353812,5.339678860526553
555.9062736162027,44.2097294438939,8590.422617591359,5.47396515733242
327.7325664103005,50.97152711753696,7425.395052789915,5.13722423595688
555.4783129531195,36.0798736008087,9271.923660855946,6.617005949576697
554.6855458560382,26.340442887994655,9454.33278246368,6.261250531233856
470.4578288603037,41.43388467342251,5868.517720522016,6.408652811480671
417.6502793454343,26.473297141564657,6173.168976538531,7.112688374989926
449.6589285045769,55.33727709916499,7357.038244337243,4.292642042407053
410.6780448041073,52.35811620006939,7812.922186475999,5.451712703509399
512.801458068223,45.01782736167545,9340.878579082953,7.448499229892926
471.21850833687313,26.739523139179617,7503.841806652069,6.260280506582886
422.8992859031511,30.42849085104957,8412.545457859862,5.951347648429548
502.6237596329269,32.41504665299931,7723.51914295308,5.075766855731696
571.215872889983,50.35249334723753,5784.574565314288,5.07048913980759
380.27765959279367,33.49976065593102,7899.874436251567,4.55035478030147
426.25121494997495,29.960426279185015,8248.720795278732,6.0693443370362505
